Organization short name,Organization long name,Country,Partner,Type
ARIB,Association of Radio Industries and Businesses,JAPAN,ARIB,ORGANIZATIONAL PARTNERS
ATIS,Alliance for Telecommunications Industry Solutions,UNITED STATES,ATIS,ORGANIZATIONAL PARTNERS
CCSA,China Communications Standards Association,CHINA,CCSA,ORGANIZATIONAL PARTNERS
ETSI,European Telecommunications Standards Institute,FRANCE,ETSI,ORGANIZATIONAL PARTNERS
TSDSI,Telecommunications Standards Development Society  India,INDIA,TSDSI,ORGANIZATIONAL PARTNERS
TTA,Telecommunications Technology Association (TTA),KOREA (REPUBLIC OF),TTA,ORGANIZATIONAL PARTNERS
TTC,The Telecommunication Technology Committee,JAPAN,TTC,ORGANIZATIONAL PARTNERS
3in,Industrial Internet Innovation Center (Shanghai) Co. Ltd.,CHINA,CCSA,INDIVIDUAL MEMBERS
450connect GmbH,450connect GmbH,GERMANY,ETSI,INDIVIDUAL MEMBERS
A.S.T.R.I.D. SA/NV,A.S.T.R.I.D. SA,BELGIUM,ETSI,INDIVIDUAL MEMBERS
ABP  NRTA,Academy of Broadcasting Planning  NRTA,CHINA,CCSA,INDIVIDUAL MEMBERS
ABS,Academy of Broadcasting Science  NRTA,CHINA,CCSA,INDIVIDUAL MEMBERS
AccelerComm Ltd,AccelerComm Ltd,UNITED KINGDOM,ETSI,INDIVIDUAL MEMBERS
Acer Incorporated,Acer Incorporated,TAIWAN  PROVINCE OF CHINA,ETSI,INDIVIDUAL MEMBERS
adare GmbH,adare GmbH,GERMANY,ETSI,INDIVIDUAL MEMBERS
Airbus,Airbus DS SLC,FRANCE,ETSI,INDIVIDUAL MEMBERS
Ajou University,Ajou University,KOREA (REPUBLIC OF),TTA,INDIVIDUAL MEMBERS
albis-elcon system GermanyGmbH,albis-elcon system Germany GmbH,GERMANY,ETSI,INDIVIDUAL MEMBERS
All Connected BV,Rail Connected,NETHERLANDS,ETSI,INDIVIDUAL MEMBERS
Allot Ltd,Allot Ltd,ISRAEL,ETSI,INDIVIDUAL MEMBERS
Altan Redes S.A.P.I. de C.V.,Altan Redes S.A.P.I. de C.V.,MEXICO,ETSI,INDIVIDUAL MEMBERS
Amazon Web Services,Amazon Web Services EMEA SARL,LUXEMBOURG,ETSI,INDIVIDUAL MEMBERS
Amdocs Software Systems Ltd,Amdocs Software Systems Limited,IRELAND,ETSI,INDIVIDUAL MEMBERS
Analog Devices  Inc.,Analog Devices  Inc.,UNITED STATES,ATIS,INDIVIDUAL MEMBERS
Anemone Technology,Anemone Technology,DENMARK,ETSI,INDIVIDUAL MEMBERS
Anritsu Corporation,ANRITSU CORPORATION,JAPAN,ARIB,INDIVIDUAL MEMBERS
Anritsu EMEA Ltd,Anritsu EMEA Ltd,UNITED KINGDOM,ETSI,INDIVIDUAL MEMBERS
Anterix,Anterix,UNITED STATES,ATIS,INDIVIDUAL MEMBERS
Apple,Apple Purchase Operation management,CHINA,CCSA,INDIVIDUAL MEMBERS
Apple (Guizhou),Apple Technology Services (Guizhou) Ltd.,CHINA,CCSA,INDIVIDUAL MEMBERS
Apple (UK) Limited,Apple (UK) Limited,UNITED KINGDOM,ETSI,INDIVIDUAL MEMBERS
Apple (Ulanqab),Apple Technology Services (Ulanqab) Ltd,CHINA,CCSA,INDIVIDUAL MEMBERS
Apple AB Denmark,Apple AB  filial AF Apple Aktiebolag  Sverige,DENMARK,ETSI,INDIVIDUAL MEMBERS
Apple Benelux B.V.,Apple Benelux B.V.,NETHERLANDS,ETSI,INDIVIDUAL MEMBERS
Apple Benelux B.V. - Belgium,Apple Benelux B.V. - Belgium Branch,BELGIUM,ETSI,INDIVIDUAL MEMBERS
Apple Computer Trading Co. Ltd,Apple Computer Trading (Shanghai) Co.  Ltd.,CHINA,CCSA,INDIVIDUAL MEMBERS
Apple Distribution Intl Ltd,Apple Distribution International Limited,IRELAND,ETSI,INDIVIDUAL MEMBERS
Apple France,Apple France,FRANCE,ETSI,INDIVIDUAL MEMBERS
Apple GmbH,Apple GmbH,GERMANY,ETSI,INDIVIDUAL MEMBERS
Apple Inc,Apple Inc,UNITED STATES,ATIS,INDIVIDUAL MEMBERS
Apple R&D,Apple R&D,CHINA,CCSA,INDIVIDUAL MEMBERS
Apple Solutions,Apple Solutions Consulting Services (Beijing) Company Limited,CHINA,CCSA,INDIVIDUAL MEMBERS
Apple Switzerland AG,Apple Switzerland AG,SWITZERLAND,ETSI,INDIVIDUAL MEMBERS
Apple Trading,Apple Trading (Shanghai) Company Limited,CHINA,CCSA,INDIVIDUAL MEMBERS
AQSACOM S.A.S.,AQSACOM S.A.S.,FRANCE,ETSI,INDIVIDUAL MEMBERS
Arriver Software AB,Arriver Software AB,SWEDEN,ETSI,INDIVIDUAL MEMBERS
ARTICLE19,ARTICLE19,UNITED KINGDOM,ETSI,INDIVIDUAL MEMBERS
ASELSAN,ASELSAN Inc.,TÜRKIYE,ETSI,INDIVIDUAL MEMBERS
AsiaInfo,AsiaInfo Technologies (China)  Inc.,CHINA,CCSA,INDIVIDUAL MEMBERS
AsiaInfo Technologies Inc,AsiaInfo Technologies Inc,CHINA,ETSI,INDIVIDUAL MEMBERS
ASR,ASR Microelectronics Co.  Ltd.,CHINA,CCSA,INDIVIDUAL MEMBERS
ASTRI,Hong Kong Applied Science & Technology Research Institute,HONG KONG,ETSI,INDIVIDUAL MEMBERS
Astrome Technologies Pvt Lt,Astrome Technologies Pvt Lt,INDIA,TSDSI,INDIVIDUAL MEMBERS
ASUSTEK COMPUTER (SHANGHAI),ASUSTEK COMPUTER (SHANGHAI) CO. LTD.,CHINA,CCSA,INDIVIDUAL MEMBERS
AT&T,AT&T,UNITED STATES,ATIS,INDIVIDUAL MEMBERS
AT&T GNS Belgium SPRL,AT&T Global Network Services Belgium SPRL,BELGIUM,ETSI,INDIVIDUAL MEMBERS
AT&T Labs  Inc,AT&T Labs  Inc,UNITED STATES,ATIS,INDIVIDUAL MEMBERS
AT&T Services  Inc.,AT&T Services  Inc.,UNITED STATES,ATIS,INDIVIDUAL MEMBERS
ATEME,ATEME SA,FRANCE,ETSI,INDIVIDUAL MEMBERS
Avanti,Avanti Communications Ltd,UNITED KINGDOM,ETSI,INDIVIDUAL MEMBERS
Axyom.Core,Axyom.Core Inc,UNITED STATES,ETSI,INDIVIDUAL MEMBERS
BAE Systems AI Ltd,BAE Systems Applied Intelligence Limited,UNITED KINGDOM,ETSI,INDIVIDUAL MEMBERS
Baicells Technologies Co. Ltd,Baicells Technologies Co. Ltd,CHINA,CCSA,INDIVIDUAL MEMBERS
BBC,BRITISH BROADCASTING CORPORATION,UNITED KINGDOM,ETSI,INDIVIDUAL MEMBERS
B-Com,B-Com,FRANCE,ETSI,INDIVIDUAL MEMBERS
BDBOS,Federal Agency for Public Safety Digital Radio,GERMANY,ETSI,INDIVIDUAL MEMBERS
BeammWave AB,BeammWave AB,SWEDEN,ETSI,INDIVIDUAL MEMBERS
Beijing Lenovo Software Ltd.,Beijing Lenovo Software Ltd.,CHINA,CCSA,INDIVIDUAL MEMBERS
BEIJING SAMSUNG TELECOM R&D,BEIJING SAMSUNG TELECOM R&D CENTER,CHINA,CCSA,INDIVIDUAL MEMBERS
Beijing Xiaomi Electronics,Beijing Xiaomi Electronics,CHINA,CCSA,INDIVIDUAL MEMBERS
Beijing Xiaomi Mobile Software,Beijing Xiaomi Mobile Software Co.  Ltd,CHINA,CCSA,INDIVIDUAL MEMBERS
Beijing Xiaomi Mobile Software,Beijing Xiaomi Mobile Software Co.  Ltd.,CHINA,ETSI,INDIVIDUAL MEMBERS
Beijing Xiaomi Software Tech,Beijing Xiaomi Software Technology,CHINA,CCSA,INDIVIDUAL MEMBERS
Bell Mobility,Bell Mobility,CANADA,ETSI,INDIVIDUAL MEMBERS
BfV,Bundesamt für Verfassungsschutz,GERMANY,ETSI,INDIVIDUAL MEMBERS
Bharti Airtel Limited,Bharti Airtel Limited,INDIA,TSDSI,INDIVIDUAL MEMBERS
BIFNC,BRICS Institute of Future Network,CHINA,CCSA,INDIVIDUAL MEMBERS
BIPT,BIPT - Belgian Institute for Postal services & Telecommunications,BELGIUM,ETSI,INDIVIDUAL MEMBERS
Bittium Wireless Ltd.,Bittium Wireless Ltd.,FINLAND,ETSI,INDIVIDUAL MEMBERS
BJTU,Beijing Jiaotong University,CHINA,CCSA,INDIVIDUAL MEMBERS
BKA,Bundeskriminalamt,GERMANY,ETSI,INDIVIDUAL MEMBERS
Bluetest AB,Bluetest AB,SWEDEN,ETSI,INDIVIDUAL MEMBERS
BMF,Austrian Federal Ministry of Finance,AUSTRIA,ETSI,INDIVIDUAL MEMBERS
BMW AG,Bayerische Motoren Werke AG,GERMANY,ETSI,INDIVIDUAL MEMBERS
BMWK,Bundesministerium für Wirtschaft und Klimaschutz,GERMANY,ETSI,INDIVIDUAL MEMBERS
BOCRA,Botswana Communications Regulatory Authority,BOTSWANA,ETSI,INDIVIDUAL MEMBERS
BOUYGUES Telecom,BOUYGUES Telecom,FRANCE,ETSI,INDIVIDUAL MEMBERS
Broadcom (EU),Broadcom Europe Ltd,UNITED KINGDOM,ETSI,INDIVIDUAL MEMBERS
BSI (DE),Bundesamt für Sicherheit in der Informationstechnik,GERMANY,ETSI,INDIVIDUAL MEMBERS
BSNL,Bharat Sanchar Nigam Limited,INDIA,TSDSI,INDIVIDUAL MEMBERS
BT plc,British Telecommunications plc,UNITED KINGDOM,ETSI,INDIVIDUAL MEMBERS
BTL Inc.,BTL Inc.,CHINA,ETSI,INDIVIDUAL MEMBERS
BTPDI,Beijing Telecom Planning & Designing Institute Co. LTD.,CHINA,CCSA,INDIVIDUAL MEMBERS
BUPT,Beijing University of Posts and Telecommunications,CHINA,CCSA,INDIVIDUAL MEMBERS
Bureau Veritas ADT,Bureau Veritas Consumer Products Services (Hong Kong) Limited  Taoyuan Branch,TAIWAN  PROVINCE OF CHINA,ETSI,INDIVIDUAL MEMBERS
Bytedance,Bytedance (Nanjing) Technology Research and Development Co.  Ltd.,CHINA,CCSA,INDIVIDUAL MEMBERS
C Spire Wireless,C Spire Wireless,UNITED STATES,ATIS,INDIVIDUAL MEMBERS
CableLabs,CableLabs,UNITED STATES,ETSI,INDIVIDUAL MEMBERS
Cadence Design Systems Inc.,Cadence Design Systems Inc.,UNITED STATES,ETSI,INDIVIDUAL MEMBERS
CAICT.,China Academy of Information and Communications Technology,CHINA,CCSA,INDIVIDUAL MEMBERS
CALTTA,CALTTA TECHNOLOGIES CO.  LTD.,CHINA,CCSA,INDIVIDUAL MEMBERS
Cambium Networks Limited,Cambium Networks Limited,UNITED KINGDOM,ETSI,INDIVIDUAL MEMBERS
CAMBRIDGE CONSULTANTS LTD,CAMBRIDGE CONSULTANTS LTD,UNITED KINGDOM,ETSI,INDIVIDUAL MEMBERS
CANON Research Centre France,CANON Research Centre France SAS,FRANCE,ETSI,INDIVIDUAL MEMBERS
CAPGEMINI,CAPGEMINI TECHNOLOGY SERVICES INDIA LIMITED,INDIA,TSDSI,INDIVIDUAL MEMBERS
Catapult,Satellite Applications Catapult Ltd,UNITED KINGDOM,ETSI,INDIVIDUAL MEMBERS
CATT,China Academy of Telecommunications Technology (CATT),CHINA,ETSI,INDIVIDUAL MEMBERS
CATT,China Academy of Telecommunication Technology - (Datang Telecom Technology and Industry Group),CHINA,CCSA,INDIVIDUAL MEMBERS
CBN,China Broadcasting Network Group Corporation Ltd.,CHINA,CCSA,INDIVIDUAL MEMBERS
CCU,National Chung Cheng University,TAIWAN  PROVINCE OF CHINA,ETSI,INDIVIDUAL MEMBERS
C-DAC,Centre for Development of Advanced Computing,INDIA,TSDSI,INDIVIDUAL MEMBERS
C-DOT,C-DOT,INDIA,TSDSI,INDIVIDUAL MEMBERS
CEA,Commissariat à l'Energie Atomique et aux Energies Alternatives,FRANCE,ETSI,INDIVIDUAL MEMBERS
Cellnex,Cellnex Telecom,SPAIN,ETSI,INDIVIDUAL MEMBERS
CENC,CETC Network & Communications Group Co.  Ltd.,CHINA,CCSA,INDIVIDUAL MEMBERS
CEPRI,China Electric Power Research Institute,CHINA,CCSA,INDIVIDUAL MEMBERS
Ceragon Networks AS,Ceragon Networks AS,NORWAY,ETSI,INDIVIDUAL MEMBERS
CERTH,CENTRE FOR RESEARCH AND TECHNOLOGY HELLAS,GREECE,ETSI,INDIVIDUAL MEMBERS
cetecom advanced GmbH,cetecom advanced GmbH,GERMANY,ETSI,INDIVIDUAL MEMBERS
CEWiT,Centre of Excellence in Wireless Technology (CEWiT),INDIA,TSDSI,INDIVIDUAL MEMBERS
CGL,CHAZAH GROUP LTD,UGANDA,ETSI,INDIVIDUAL MEMBERS
Changeself,Changeself Technology(Shenzhen)Co. Ltd.,CHINA,ETSI,INDIVIDUAL MEMBERS
Charter Communications  Inc,Charter Communications  Inc,UNITED STATES,ATIS,INDIVIDUAL MEMBERS
Chengdu OPPO Telecommunication,Chengdu OPPO Mobile Telecommunications Corp.  ltd.,CHINA,CCSA,INDIVIDUAL MEMBERS
CHENGDU TD TECH LTD.,CHENGDU TD TECH LTD.,CHINA,CCSA,INDIVIDUAL MEMBERS
China Broadnet,China Broadnet Mobile Communications Co.  Ltd.,CHINA,CCSA,INDIVIDUAL MEMBERS
China Mobile (Hangzhou) Inf.,China Mobile (Hangzhou) Information Technology Co.  Ltd.,CHINA,CCSA,INDIVIDUAL MEMBERS
China Mobile (Suzhou) Software,China Mobile (Suzhou) Software Technology Co.  Ltd.,CHINA,CCSA,INDIVIDUAL MEMBERS
China Mobile Com. Corporation,China Mobile Communications Corporation (CMCC),CHINA,CCSA,INDIVIDUAL MEMBERS
China Mobile E-Commerce Co.,China Mobile E-Commerce Co.,CHINA,CCSA,INDIVIDUAL MEMBERS
China Mobile Group Device Co.,China Mobile Group Device Co.  Ltd,CHINA,CCSA,INDIVIDUAL MEMBERS
China Mobile International Ltd,China Mobile International Limited,CHINA,CCSA,INDIVIDUAL MEMBERS
China Mobile M2M Company Ltd.,China Mobile M2M Company Ltd.,CHINA,CCSA,INDIVIDUAL MEMBERS
China Southern Power Grid Co.,China Southern Power Grid Co.  Ltd.,CHINA,CCSA,INDIVIDUAL MEMBERS
China Telecom Corporation Ltd.,China Telecom Corporation Ltd.,CHINA,CCSA,INDIVIDUAL MEMBERS
China Telecommunications,China Telecommunications Corporation,CHINA,ETSI,INDIVIDUAL MEMBERS
China Telecomunication Corp.,China Telecomunication Corporation,CHINA,CCSA,INDIVIDUAL MEMBERS
China Unicom,China Unicom,CHINA,CCSA,INDIVIDUAL MEMBERS
Chinatelecom Cloud,China Telecom Cloud Technology Co.  Ltd,CHINA,CCSA,INDIVIDUAL MEMBERS
Chongqing University,Chongqing University,CHINA,CCSA,INDIVIDUAL MEMBERS
CHTTL,Chunghwa Telecommunication Laboratories  Chunghwa Telecommunication Co.,TAIWAN  PROVINCE OF CHINA,ETSI,INDIVIDUAL MEMBERS
CICT,China Information Communication Technologies Group,CHINA,ETSI,INDIVIDUAL MEMBERS
CICT,China Information Communication Technologies Group Corporation,CHINA,CCSA,INDIVIDUAL MEMBERS
CICT Mobile,CICT Mobile Communication Technology Co.  Ltd.,CHINA,CCSA,INDIVIDUAL MEMBERS
CICTCI,CICT Connected and Intelligent Technologies Co.  Ltd,CHINA,CCSA,INDIVIDUAL MEMBERS
CIS,Center for Internet Security,UNITED STATES,ETSI,INDIVIDUAL MEMBERS
CISA ECD,Cybersecurity and Infrastructure Security Agency (CISA) ECD,UNITED STATES,ATIS,INDIVIDUAL MEMBERS
Cisco Systems,Cisco Systems,UNITED STATES,ATIS,INDIVIDUAL MEMBERS
Cisco Systems Belgium,Cisco Systems Belgium,BELGIUM,ETSI,INDIVIDUAL MEMBERS
Cisco Systems France,Cisco Systems France,FRANCE,ETSI,INDIVIDUAL MEMBERS
CITC,CHINA INFORMATION TECHNOLOGY DESIGNING&CONSULTING INSTITUTE CO. LTD.,CHINA,CCSA,INDIVIDUAL MEMBERS
CKH IOD UK LIMITED,CKH IOD UK LIMITED,UNITED KINGDOM,ETSI,INDIVIDUAL MEMBERS
CMDI,China Mobile Group Design Institute Co.  Ltd,CHINA,CCSA,INDIVIDUAL MEMBERS
CNC,CLAP-N-CLANK,JAPAN,ETSI,INDIVIDUAL MEMBERS
CNES,CNES - Centre National d'Etudes Spatiales,FRANCE,ETSI,INDIVIDUAL MEMBERS
Cobham SatCom A/S,Thrane & Thrane A/S,DENMARK,ETSI,INDIVIDUAL MEMBERS
Cognyte,Cognyte Technologies Israel Ltd.,ISRAEL,ETSI,INDIVIDUAL MEMBERS
Cohere Technologies,Cohere Technologies,UNITED STATES,ATIS,INDIVIDUAL MEMBERS
Collins Aerospace,Collins Aerospace,UNITED STATES,ATIS,INDIVIDUAL MEMBERS
Comba,Comba Network Systems Company Limited,CHINA,CCSA,INDIVIDUAL MEMBERS
Comcast,Comcast,UNITED STATES,ATIS,INDIVIDUAL MEMBERS
Comprion GmbH,Comprion GmbH,GERMANY,ETSI,INDIVIDUAL MEMBERS
Comtech Telecommunications Cor,Comtech Telecommunications Corp,UNITED STATES,ATIS,INDIVIDUAL MEMBERS
Consort Digital,Consort Digital Private Limited,INDIA,ETSI,INDIVIDUAL MEMBERS
Continental Automotive,Continental Automotive Technologies GmbH,GERMANY,ETSI,INDIVIDUAL MEMBERS
Convida Wireless,Convida Wireless  LLC,UNITED STATES,ETSI,INDIVIDUAL MEMBERS
Cosmian,Cosmian Tech SAS,FRANCE,ETSI,INDIVIDUAL MEMBERS
CQUPT,Chongqing University of Posts and Telecommunications,CHINA,CCSA,INDIVIDUAL MEMBERS
Crosscall,Crosscall,FRANCE,ETSI,INDIVIDUAL MEMBERS
CSA,Cyber Security Agency of Singapore,SINGAPORE,ETSI,INDIVIDUAL MEMBERS
CSCN,CHINA SATELLITE NETWORK GROUP CO.  LTD.,CHINA,CCSA,INDIVIDUAL MEMBERS
CSIRO,Commonwealth Scientific and Industrial Research Organisation,AUSTRALIA,ETSI,INDIVIDUAL MEMBERS
cstconsultancy,CyberSecurity & Technology Consultancy LTD,UNITED KINGDOM,ETSI,INDIVIDUAL MEMBERS
CTSI,China Telecom System Integration Co.  Ltd,CHINA,CCSA,INDIVIDUAL MEMBERS
CTTC,Centre tecnologic de Telecomunicacions de Catalunya,SPAIN,ETSI,INDIVIDUAL MEMBERS
CU Digital Technology,China Unicom Digital Technology Co.  Ltd.,CHINA,CCSA,INDIVIDUAL MEMBERS
CUC,Communication University of China,CHINA,CCSA,INDIVIDUAL MEMBERS
CUG,China Unicom Global Limited,CHINA,CCSA,INDIVIDUAL MEMBERS
Cybercore,Beijinig Cybercore Technology Co.  Ltd.,CHINA,CCSA,INDIVIDUAL MEMBERS
Cygnusemi,Cygnusemi,CHINA,CCSA,INDIVIDUAL MEMBERS
Czech Telecommunication Office,Czech Telecommunication Office,CZECH REPUBLIC,ETSI,INDIVIDUAL MEMBERS
DAC-SSR-UPC,D. Arquitectura de Computadores/GT Smart Sustainable Resources -Universidad Politecnica de Cataluna,SPAIN,ETSI,INDIVIDUAL MEMBERS
DanKook University,DanKook University,KOREA (REPUBLIC OF),TTA,INDIVIDUAL MEMBERS
DARS TELECOM S.L.,DARS TELECOM S.L.,SPAIN,ETSI,INDIVIDUAL MEMBERS
Datang Linktester Technology,Datang Linktester Technology Co.  Ltd.,CHINA,CCSA,INDIVIDUAL MEMBERS
Datang Mobile Com. Equipment,Datang Mobile Communications Equipment Co.  Ltd,CHINA,CCSA,INDIVIDUAL MEMBERS
DeepSig Inc,DeepSig Inc,UNITED STATES,ATIS,INDIVIDUAL MEMBERS
DEKRA,DEKRA testing and Certification  S.A.U.,SPAIN,ETSI,INDIVIDUAL MEMBERS
Dell Technologies,Dell Technologies,UNITED STATES,ATIS,INDIVIDUAL MEMBERS
DENSO CORPORATION,DENSO CORPORATION,JAPAN,ARIB,INDIVIDUAL MEMBERS
Department of Telecom,Department of Telecommunications,INDIA,TSDSI,INDIVIDUAL MEMBERS
Dept of Home Affairs,Department of Home Affairs,AUSTRALIA,ETSI,INDIVIDUAL MEMBERS
Deutsche Telekom AG,Deutsche Telekom AG,GERMANY,ETSI,INDIVIDUAL MEMBERS
DIGG,Agency for Digital Government,SWEDEN,ETSI,INDIVIDUAL MEMBERS
DISA,Defense Information Systems Agency,UNITED STATES,ATIS,INDIVIDUAL MEMBERS
Dish Network,Dish Network,UNITED STATES,ATIS,INDIVIDUAL MEMBERS
DLR,Deutsches Zentrum für Luft- und Raumfahrt e.V.,GERMANY,ETSI,INDIVIDUAL MEMBERS
DOCOMO Beijing Labs,DOCOMO Beijing Communications Laboratories Co.  Ltd,CHINA,CCSA,INDIVIDUAL MEMBERS
DOCOMO Communications Lab.,DOCOMO Communications Laboratories Europe GmbH,GERMANY,ETSI,INDIVIDUAL MEMBERS
Dolby France SAS,Dolby France SAS,FRANCE,ETSI,INDIVIDUAL MEMBERS
Dolby Germany GmbH,Dolby Germany GmbH,GERMANY,ETSI,INDIVIDUAL MEMBERS
Dolby Sweden AB,Dolby Sweden AB,SWEDEN,ETSI,INDIVIDUAL MEMBERS
Dolby Technology India Pvt Ltd,Dolby Technology India Pvt Ltd,INDIA,TSDSI,INDIVIDUAL MEMBERS
Douyin,Beijing Douyin Information Service Co.  Ltd.,CHINA,CCSA,INDIVIDUAL MEMBERS
DP,DigitalPlatforms SpA,ITALY,ETSI,INDIVIDUAL MEMBERS
DSIT,Department for Science  Innovation and Technology,UNITED KINGDOM,ETSI,INDIVIDUAL MEMBERS
DTCY,Deloitte Tohmatsu Cyber LLC,JAPAN,TTC,INDIVIDUAL MEMBERS
DTS Licensing Limited,DTS Licensing Limited,IRELAND,ETSI,INDIVIDUAL MEMBERS
EA Consult Services Ltd,EA Consult Services Ltd,UNITED KINGDOM,ETSI,INDIVIDUAL MEMBERS
EBU,EBU - European Broadcasting Union,SWITZERLAND,ETSI,INDIVIDUAL MEMBERS
EchoStar,EchoStar,UNITED KINGDOM,ETSI,INDIVIDUAL MEMBERS
ECTL,Enhanced Communications & Technologies Pvt Ltd,INDIA,TSDSI,INDIVIDUAL MEMBERS
EDF Recherche et Développement,EDF,FRANCE,ETSI,INDIVIDUAL MEMBERS
EFORT,Etudes et Formations en Telecommunication,FRANCE,ETSI,INDIVIDUAL MEMBERS
Elbit Systems,Elbit Systems C4l and Cyber Ltd,ISRAEL,ETSI,INDIVIDUAL MEMBERS
Element Materials Technology,Element Materials Technology Warwick Ltd,UNITED KINGDOM,ETSI,INDIVIDUAL MEMBERS
Elena,Elena Geo Systems Pvt Ltd,INDIA,TSDSI,INDIVIDUAL MEMBERS
Embotech AG,Embotech AG,SWITZERLAND,ETSI,INDIVIDUAL MEMBERS
EMITE,EMITE Ingenieria S.L.,SPAIN,ETSI,INDIVIDUAL MEMBERS
ENENSYS,ENENSYS Technologies SA,FRANCE,ETSI,INDIVIDUAL MEMBERS
Ericsson (China),Ericsson (China) Communications  Co.Ltd,CHINA,CCSA,INDIVIDUAL MEMBERS
Ericsson España S.A.,Ericsson España S.A.,SPAIN,ETSI,INDIVIDUAL MEMBERS
Ericsson France S.A.S,Ericsson France S.A.S,FRANCE,ETSI,INDIVIDUAL MEMBERS
Ericsson GmbH  Eurolab,Ericsson GmbH  Eurolab - Unternehmensbereich Forschung und Entwicklung,GERMANY,ETSI,INDIVIDUAL MEMBERS
Ericsson Hungary Ltd,Ericsson Hungary Ltd,HUNGARY,ETSI,INDIVIDUAL MEMBERS
Ericsson Inc.,Ericsson Incorporated,UNITED STATES,ATIS,INDIVIDUAL MEMBERS
Ericsson India Private Limited,Ericsson India Private Limited,INDIA,TSDSI,INDIVIDUAL MEMBERS
Ericsson Japan K.K.,Ericsson Japan K.K.,JAPAN,ARIB,INDIVIDUAL MEMBERS
Ericsson Limited,Ericsson Limited,UNITED KINGDOM,ETSI,INDIVIDUAL MEMBERS
Ericsson LM,Ericsson Telefonaktiebolaget LM,SWEDEN,ETSI,INDIVIDUAL MEMBERS
Ericsson Telecomunicazioni SpA,Ericsson Telecomunicazioni SpA,ITALY,ETSI,INDIVIDUAL MEMBERS
Ericsson-LG Co.  LTD,Ericsson-LG Co.  LTD,KOREA (REPUBLIC OF),TTA,INDIVIDUAL MEMBERS
Erillisverkot,Suomen Erillisverkot Oy,FINLAND,ETSI,INDIVIDUAL MEMBERS
ERNET India,ERNET India,INDIA,TSDSI,INDIVIDUAL MEMBERS
ESA,ESA - European Space Agency,NETHERLANDS,ETSI,INDIVIDUAL MEMBERS
E-SPACE,E-SPACE SAS,FRANCE,ETSI,INDIVIDUAL MEMBERS
ESSEN INNOVATION,ESSEN INNOVATION COMPANY LIMITED,CHINA,CCSA,INDIVIDUAL MEMBERS
E-surfing Digital,E-surfing Digital Life Technology Co.  Ltd,CHINA,CCSA,INDIVIDUAL MEMBERS
Esurfing IoT,Esurfing IoT Tech Co.  Ltd,CHINA,CCSA,INDIVIDUAL MEMBERS
ETELM,Electronique Telematique ETELM,FRANCE,ETSI,INDIVIDUAL MEMBERS
Etherstack Wireless Limited,Etherstack Wireless Limited,UNITED KINGDOM,ETSI,INDIVIDUAL MEMBERS
ETRI,Electronics & Telecommunications Research Institute,KOREA (REPUBLIC OF),TTA,INDIVIDUAL MEMBERS
ETS-Lindgren Europe,ETS-Lindgren Europe,FINLAND,ETSI,INDIVIDUAL MEMBERS
EURECOM,EURECOM,FRANCE,ETSI,INDIVIDUAL MEMBERS
Eurofins KCTL,Eurofins KCTL Co. Ltd,KOREA (REPUBLIC OF),ETSI,INDIVIDUAL MEMBERS
European Commission,EC - European Commission,BELGIUM,ETSI,INDIVIDUAL MEMBERS
European Patent Organisation,European Patent Organisation,GERMANY,ETSI,INDIVIDUAL MEMBERS
EUTC,European Utilities Telecom Council (EUTC),BELGIUM,ETSI,INDIVIDUAL MEMBERS
Eutelsat Group,Eutelsat S.A.,FRANCE,ETSI,INDIVIDUAL MEMBERS
EVE Compliancy Solutions,EVE Compliancy Solutions,NETHERLANDS,ETSI,INDIVIDUAL MEMBERS
Everactive,Everactive,UNITED STATES,ATIS,INDIVIDUAL MEMBERS
Ewha Womans University,Ewha Womans University,KOREA (REPUBLIC OF),TTA,INDIVIDUAL MEMBERS
F5,F5  Inc.,UNITED STATES,ETSI,INDIVIDUAL MEMBERS
Fabasoft AG,Fabasoft AG,AUSTRIA,ETSI,INDIVIDUAL MEMBERS
Facebook Japan G.K.,Facebook Japan G.K.,JAPAN,ARIB,INDIVIDUAL MEMBERS
Fastweb S.p.A.,Fastweb S.p.A.,ITALY,ETSI,INDIVIDUAL MEMBERS
FAU,Friedrich-Alexander-Universität Erlangen-Nürnberg,GERMANY,ETSI,INDIVIDUAL MEMBERS
FBK,Fondazione Bruno Kessler,ITALY,ETSI,INDIVIDUAL MEMBERS
FCC,Federal Communications Commission,UNITED STATES,ATIS,INDIVIDUAL MEMBERS
Fiberhome Technologies Group,Fiberhome Technologies Group,CHINA,CCSA,INDIVIDUAL MEMBERS
FirstNet,FirstNet,UNITED STATES,ATIS,INDIVIDUAL MEMBERS
FORCE Technology,FORCE Technology,DENMARK,ETSI,INDIVIDUAL MEMBERS
Ford,Ford Motor Company,UNITED STATES,ETSI,INDIVIDUAL MEMBERS
Fraunhofer FOKUS,Fraunhofer Institute for Open Communication Systems FOKUS,GERMANY,ETSI,INDIVIDUAL MEMBERS
Fraunhofer HHI,Fraunhofer Institute for Telecommunications  Heinrich Hertz Institute,GERMANY,ETSI,INDIVIDUAL MEMBERS
Fraunhofer IIS,Fraunhofer Institut für Integrierte Schaltungen IIS,GERMANY,ETSI,INDIVIDUAL MEMBERS
Frequentis AG,Frequentis AG,AUSTRIA,ETSI,INDIVIDUAL MEMBERS
Fudan University,Fudan University,CHINA,CCSA,INDIVIDUAL MEMBERS
Fujitsu Limited,Fujitsu Limited,JAPAN,ETSI,INDIVIDUAL MEMBERS
Fujitsu Limited,Fujitsu Limited.,JAPAN,TTC,INDIVIDUAL MEMBERS
Fujitsu Limited,Fujitsu Limited..,JAPAN,ARIB,INDIVIDUAL MEMBERS
Futurewei,Futurewei Technologies Inc.,UNITED STATES,ETSI,INDIVIDUAL MEMBERS
Futurewei Technologies,Futurewei Technologies,UNITED STATES,ATIS,INDIVIDUAL MEMBERS
G+D MS,Giesecke+Devrient Mobile Security Germany GmbH,GERMANY,ETSI,INDIVIDUAL MEMBERS
Gatehouse Satcom A/S,Gatehouse Satcom A/S ,DENMARK,ETSI,INDIVIDUAL MEMBERS
GDCNI,Guangdong Communications and Networks Institute,CHINA,CCSA,INDIVIDUAL MEMBERS
GE Network Technologies  LLC,GE Network Technologies  LLC,UNITED STATES,ATIS,INDIVIDUAL MEMBERS
GEESPACE,ZHE JIANG GEESPACE TECHNOLOGY CO.  LTD.,CHINA,CCSA,INDIVIDUAL MEMBERS
Gigaset Technologies,Gigaset Technologies GmbH,GERMANY,ETSI,INDIVIDUAL MEMBERS
Gilat,Gilat Satellite Networks Ltd,ISRAEL,ETSI,INDIVIDUAL MEMBERS
GIST,Gwangju Institute of Science and Technology,KOREA (REPUBLIC OF),TTA,INDIVIDUAL MEMBERS
GLOBALSTAR Inc.,GLOBALSTAR Inc.,UNITED STATES,ETSI,INDIVIDUAL MEMBERS
GM - ATCI,General Motors - ATCI,ISRAEL,ETSI,INDIVIDUAL MEMBERS
Google Ireland Limited,Google Ireland Limited,IRELAND,ETSI,INDIVIDUAL MEMBERS
Google Korea LLC,Google Korea LLC,KOREA (REPUBLIC OF),TTA,INDIVIDUAL MEMBERS
Group 2000,Group 2000 Nederland B.V.,NETHERLANDS,ETSI,INDIVIDUAL MEMBERS
GTRC,Georgia Tech Research Corporation,UNITED STATES,ETSI,INDIVIDUAL MEMBERS
GUANGDONG GENIUS TECHNOLOGY CO,GUANGDONG GENIUS TECHNOLOGY CO.  LTD.  ,CHINA,CCSA,INDIVIDUAL MEMBERS
Guangdong OPPO Mobile Telecom.,Guangdong OPPO Mobile Telecommunications Corp.  Ltd,CHINA,CCSA,INDIVIDUAL MEMBERS
GW,Greenerwave,FRANCE,ETSI,INDIVIDUAL MEMBERS
HA/ST,HARTING Stiftung & Co. KG,GERMANY,ETSI,INDIVIDUAL MEMBERS
Hanbat National University,Hanbat National University,KOREA (REPUBLIC OF),TTA,INDIVIDUAL MEMBERS
Hangzhou Mengyuxiang,Hangzhou Mengyuxiang Network Technology Corp.  Ltd.,CHINA,CCSA,INDIVIDUAL MEMBERS
Harman GmbH,Harman Becker Automotive Systems GmbH,GERMANY,ETSI,INDIVIDUAL MEMBERS
HEAD acoustics GmbH,HEAD acoustics GmbH,GERMANY,ETSI,INDIVIDUAL MEMBERS
Hewlett-Packard Enterprise,Hewlett-Packard Enterprise,FRANCE,ETSI,INDIVIDUAL MEMBERS
HiSilicon Technologies Co. Ltd,HiSilicon Technologies Co.Ltd,CHINA,CCSA,INDIVIDUAL MEMBERS
HISPASAT SA,HISPASAT SA,SPAIN,ETSI,INDIVIDUAL MEMBERS
HOME OFFICE,HOME OFFICE,UNITED KINGDOM,ETSI,INDIVIDUAL MEMBERS
Honda Motor Co.  Ltd,Honda Motor Co.  Ltd,JAPAN,ARIB,INDIVIDUAL MEMBERS
Honor,Honor Device Co.  Ltd.,CHINA,CCSA,INDIVIDUAL MEMBERS
Honor,Honor Device Co.  Ltd,CHINA,ETSI,INDIVIDUAL MEMBERS
HTC Communications Co.  Ltd.,HTC Communications Co.  Ltd.,CHINA,CCSA,INDIVIDUAL MEMBERS
Huawei Device Co.  Ltd,Huawei Device Co.  Ltd,CHINA,CCSA,INDIVIDUAL MEMBERS
HUAWEI TECH. GmbH,HUAWEI TECHNOLOGIES Duesseldorf GmbH,GERMANY,ETSI,INDIVIDUAL MEMBERS
Huawei Tech.(UK) Co.. Ltd,Huawei Technologies (UK) Co.  Ltd.,UNITED KINGDOM,ETSI,INDIVIDUAL MEMBERS
Huawei Technologies (Korea),Huawei Technologies (Korea),KOREA (REPUBLIC OF),TTA,INDIVIDUAL MEMBERS
HUAWEI TECHNOLOGIES Co. Ltd.,Huawei Technologies Co. Ltd.,CHINA,ETSI,INDIVIDUAL MEMBERS
HuaWei Technologies Co.  Ltd,HuaWei Technologies Co.  Ltd,CHINA,CCSA,INDIVIDUAL MEMBERS
Huawei Technologies France,Huawei Technologies France,FRANCE,ETSI,INDIVIDUAL MEMBERS
Huawei Technologies Japan K.K.,Huawei Technologies Japan K.K.,JAPAN,TTC,INDIVIDUAL MEMBERS
HUAWEI Technologies Japan K.K.,HUAWEI Technologies Japan K.K.,JAPAN,ARIB,INDIVIDUAL MEMBERS
Huawei Technologies R&D UK,Huawei Technologies Research & Development (UK) Limited,UNITED KINGDOM,ETSI,INDIVIDUAL MEMBERS
Huawei Technologies Sweden AB,Huawei Technologies Sweden AB,SWEDEN,ETSI,INDIVIDUAL MEMBERS
Huawei Telecommunication India,Huawei Telecommunication (India) Co. Pvt. Ltd.,INDIA,TSDSI,INDIVIDUAL MEMBERS
Husqvarna AB,Husqvarna AB (publ),SWEDEN,ETSI,INDIVIDUAL MEMBERS
Hytera Communications Corp.,Hytera Communications Corporation Limited,CHINA,CCSA,INDIVIDUAL MEMBERS
Hyundai Motor Company,Hyundai Motor Company,KOREA (REPUBLIC OF),TTA,INDIVIDUAL MEMBERS
IBM Europe,IBM Europe,GERMANY,ETSI,INDIVIDUAL MEMBERS
ICS,Institute for Communication Systems - University of Surrey,UNITED KINGDOM,ETSI,INDIVIDUAL MEMBERS
IDEMIA,IDEMIA,FRANCE,ETSI,INDIVIDUAL MEMBERS
IDRBT,Institute for Development and Research in Banking Technology,INDIA,TSDSI,INDIVIDUAL MEMBERS
III,Institute for Information Industry,TAIWAN  PROVINCE OF CHINA,ETSI,INDIVIDUAL MEMBERS
IIIT Bangalore,International Institute of Information Technology - Bangalore,INDIA,TSDSI,INDIVIDUAL MEMBERS
IIIT Naya Raipur,International Institute of Information Technology  Naya Raipur,INDIA,TSDSI,INDIVIDUAL MEMBERS
IISc  Bangalore,Indian Institute of Science  Bangalor,INDIA,TSDSI,INDIVIDUAL MEMBERS
IIT Bhilai,Indian Institute of Technology Bhilai,INDIA,TSDSI,INDIVIDUAL MEMBERS
IIT Bombay,Indian Institute of Technology Bombay,INDIA,TSDSI,INDIVIDUAL MEMBERS
IIT Delhi,Indian Institute of Technology Delhi,INDIA,TSDSI,INDIVIDUAL MEMBERS
IIT Gandhinagar,Indian Institute of Technology Gandhinagar,INDIA,TSDSI,INDIVIDUAL MEMBERS
IIT JODHPUR,Indian Institute of Technology Jodhpur,INDIA,TSDSI,INDIVIDUAL MEMBERS
IIT Kanpur,Indidan Institute of Technology Kanpur,INDIA,TSDSI,INDIVIDUAL MEMBERS
IIT Mandi,Indian Institute of Technology Mandi,INDIA,TSDSI,INDIVIDUAL MEMBERS
IIT Patna,Indian Institute of Technology Patna,INDIA,TSDSI,INDIVIDUAL MEMBERS
IIT  Kharagpur,IIT  Kharagpur,INDIA,TSDSI,INDIVIDUAL MEMBERS
IMDA,Infocomm Media Development Authority,SINGAPORE,ETSI,INDIVIDUAL MEMBERS
Imperial College London,Imperial College of Science Technology and Medicine,UNITED KINGDOM,ETSI,INDIVIDUAL MEMBERS
IMU,Istanbul Medipol University,TÜRKIYE,ETSI,INDIVIDUAL MEMBERS
Indian Institute of Tech (H),Indian Institute of Technology Hyderabad,INDIA,TSDSI,INDIVIDUAL MEMBERS
Indian Institute of Tech (M),Indian Institute of Technology Madras,INDIA,TSDSI,INDIVIDUAL MEMBERS
INFINEON TECHNOLOGIES,Infineon Technologies,GERMANY,ETSI,INDIVIDUAL MEMBERS
Inmarsat,Inmarsat,UNITED KINGDOM,ETSI,INDIVIDUAL MEMBERS
Institut Mines-Telecom,Institut Mines-Telecom,FRANCE,ETSI,INDIVIDUAL MEMBERS
Institute VEDECOM,Institute VEDECOM,FRANCE,ETSI,INDIVIDUAL MEMBERS
Intel,Intel,UNITED STATES,ATIS,INDIVIDUAL MEMBERS
Intel Belgium SA/NV,Intel Belgium SA/NV,BELGIUM,ETSI,INDIVIDUAL MEMBERS
Intel China Ltd.,Intel China Ltd.,CHINA,CCSA,INDIVIDUAL MEMBERS
Intel Corporation (UK) Ltd,Intel Corporation (UK) Ltd,UNITED KINGDOM,ETSI,INDIVIDUAL MEMBERS
Intel Corporation Italia SpA,Intel Corporation Italia SpA,ITALY,ETSI,INDIVIDUAL MEMBERS
Intel Corporation SAS,Intel Corporation SAS,FRANCE,ETSI,INDIVIDUAL MEMBERS
Intel Deutschland GmbH,Intel Deutschland GmbH,GERMANY,ETSI,INDIVIDUAL MEMBERS
Intel Ireland,Intel Ireland Ltd,IRELAND,ETSI,INDIVIDUAL MEMBERS
Intel Sweden AB,Intel Sweden AB,SWEDEN,ETSI,INDIVIDUAL MEMBERS
Intel Technology India Pvt Ltd,Intel Technology India Pvt. Ltd.,INDIA,TSDSI,INDIVIDUAL MEMBERS
Intel Technology Poland SP Zoo,Intel Technology Poland SP Zoo,POLAND,ETSI,INDIVIDUAL MEMBERS
Intellian Technologies,Intellian Technologies,KOREA (REPUBLIC OF),TTA,INDIVIDUAL MEMBERS
Intelsat,Intelsat,UNITED STATES,ATIS,INDIVIDUAL MEMBERS
InterDigital Belgium. LLC,InterDigital Belgium  LLC,BELGIUM,ETSI,INDIVIDUAL MEMBERS
InterDigital Canada,InterDigital Canada,CANADA,ATIS,INDIVIDUAL MEMBERS
InterDigital Communications,InterDigital Communications Corporation,UNITED STATES,ATIS,INDIVIDUAL MEMBERS
InterDigital Finland Oy,InterDigital Finland Oy,FINLAND,ETSI,INDIVIDUAL MEMBERS
InterDigital France R&D  SAS,InterDigital France R&D  SAS,FRANCE,ETSI,INDIVIDUAL MEMBERS
InterDigital New York,InterDigital New York,UNITED STATES,ATIS,INDIVIDUAL MEMBERS
InterDigital Pennsylvania,InterDigital Pennsylvania,UNITED STATES,ATIS,INDIVIDUAL MEMBERS
InterDigital  Europe  Ltd.,InterDigital  Europe  Ltd.,UNITED KINGDOM,ETSI,INDIVIDUAL MEMBERS
InterDigital  Inc.,InterDigital  Inc.,UNITED STATES,ETSI,INDIVIDUAL MEMBERS
Intersec,Intersec SA,FRANCE,ETSI,INDIVIDUAL MEMBERS
Intertek,Intertek,UNITED KINGDOM,ETSI,INDIVIDUAL MEMBERS
IPCom GmbH & Co.KG,IPCom GmbH & Co.KG,GERMANY,ETSI,INDIVIDUAL MEMBERS
IPLOOK,IPLOOK Networks Co.  Ltd.,CHINA,CCSA,INDIVIDUAL MEMBERS
iQoo,iQoo Software Technology (Shanghai) Co.  Ltd.,CHINA,CCSA,INDIVIDUAL MEMBERS
Iridium Satellite LLC,Iridium Satellite LLC,UNITED STATES,ATIS,INDIVIDUAL MEMBERS
IRT Saint Exupery,Institut de recherche technologique Saint Exupery,FRANCE,ETSI,INDIVIDUAL MEMBERS
ISED,Innovation  Science and Economic Development Canada,CANADA,ETSI,INDIVIDUAL MEMBERS
ISRO,Indian Space Research Organisation,INDIA,TSDSI,INDIVIDUAL MEMBERS
ISSDU,Information Security Service Digital United Inc.,TAIWAN  PROVINCE OF CHINA,ETSI,INDIVIDUAL MEMBERS
ITL,Innovative Technology Lab Co.  Ltd,KOREA (REPUBLIC OF),TTA,INDIVIDUAL MEMBERS
ITOCHU Techno-Solutions Corp,ITOCHU Techno-Solutions Corporation,JAPAN,TTC,INDIVIDUAL MEMBERS
ITRI,Industrial Technology Research Institute,TAIWAN  PROVINCE OF CHINA,ETSI,INDIVIDUAL MEMBERS
ITRON SAS,ITRON SAS,FRANCE,ETSI,INDIVIDUAL MEMBERS
Ittiam System Pvt Ltd,Ittiam System Pvt Ltd,INDIA,TSDSI,INDIVIDUAL MEMBERS
Japan Radio Co.  Ltd,Japan Radio Co.  Ltd,JAPAN,ARIB,INDIVIDUAL MEMBERS
Jetflow,Jetflow Technologies Co.  Ltd,CHINA,CCSA,INDIVIDUAL MEMBERS
Jio,Jio Estonia OÜ,ESTONIA,ETSI,INDIVIDUAL MEMBERS
JMA Wireless,JMA Wireless,UNITED STATES,ATIS,INDIVIDUAL MEMBERS
John Deere GmbH & Co. KG,John Deere GmbH & Co. KG,GERMANY,ETSI,INDIVIDUAL MEMBERS
Johns Hopkins University APL,Johns Hopkins University Applied Physics Laboratory,UNITED STATES,ATIS,INDIVIDUAL MEMBERS
JSI GmbH,JSI GmbH,GERMANY,ETSI,INDIVIDUAL MEMBERS
Juniper Networks,Juniper Networks,UNITED STATES,ETSI,INDIVIDUAL MEMBERS
KAIST,Korea Advanced Institute of Science and Technology,KOREA (REPUBLIC OF),TTA,INDIVIDUAL MEMBERS
Kapsch TrafficCom AG,Kapsch TrafficCom AG,AUSTRIA,ETSI,INDIVIDUAL MEMBERS
KDDI Corporation,KDDI Corporation,JAPAN,TTC,INDIVIDUAL MEMBERS
KDDI Corporation,KDDI Corporation,JAPAN,ARIB,INDIVIDUAL MEMBERS
Kepler,Kepler Communications GmbH,GERMANY,ETSI,INDIVIDUAL MEMBERS
Keysight Technologies UK Ltd,Keysight Technologies UK Ltd,UNITED KINGDOM,ETSI,INDIVIDUAL MEMBERS
KIPO,Korean Intellectual Property Office,KOREA (REPUBLIC OF),TTA,INDIVIDUAL MEMBERS
Kontron Transportation France,Kontron Transportation France  S.A.S,FRANCE,ETSI,INDIVIDUAL MEMBERS
Kookmin University,Kookmin University,KOREA (REPUBLIC OF),TTA,INDIVIDUAL MEMBERS
Korea Testing Laboratory,Korea Testing Laboratory,KOREA (REPUBLIC OF),TTA,INDIVIDUAL MEMBERS
Korea University,Korea University,KOREA (REPUBLIC OF),TTA,INDIVIDUAL MEMBERS
KPN N.V.,Koninklijke KPN N.V.,NETHERLANDS,ETSI,INDIVIDUAL MEMBERS
KRRI,Korea Railroad Research Institute,KOREA (REPUBLIC OF),TTA,INDIVIDUAL MEMBERS
KT Corp.,KT Corporation,KOREA (REPUBLIC OF),TTA,INDIVIDUAL MEMBERS
Kymeta Corporation,Kymeta Corporation,UNITED STATES,ETSI,INDIVIDUAL MEMBERS
Kyocera Corporation,Kyocera Corporation,JAPAN,ARIB,INDIVIDUAL MEMBERS
Kyonggi University,Kyonggi University,KOREA (REPUBLIC OF),TTA,INDIVIDUAL MEMBERS
Kyoto University,Kyoto University,JAPAN,ETSI,INDIVIDUAL MEMBERS
L.M. Ericsson Limited,L.M. Ericsson Limited,IRELAND,ETSI,INDIVIDUAL MEMBERS
L3Harris Technologies,L3Harris Technologies,UNITED STATES,ATIS,INDIVIDUAL MEMBERS
Langbo,Shanghai Langbo Communication Technology Co.  Ltd.,CHINA,CCSA,INDIVIDUAL MEMBERS
Lansus,Lansus Technologies Inc.,CHINA,CCSA,INDIVIDUAL MEMBERS
LEGRAND FRANCE,LEGRAND FRANCE ISERE,FRANCE,ETSI,INDIVIDUAL MEMBERS
Lekha Wireless Solutions,Lekha Wireless Solutions Pvt Ltd,INDIA,TSDSI,INDIVIDUAL MEMBERS
Lenovo (Beijing) Ltd,Lenovo (Beijing) Ltd,CHINA,CCSA,INDIVIDUAL MEMBERS
Lenovo Future Communications,Lenovo Future Communications Technology (Chongqing) Co.  Ltd.,CHINA,CCSA,INDIVIDUAL MEMBERS
Lenovo Information Technology,Lenovo (Beijing)  Information Technology Co.  Ltd.,CHINA,CCSA,INDIVIDUAL MEMBERS
Leonardo SpA,Leonardo SpA,ITALY,ETSI,INDIVIDUAL MEMBERS
LG Electronics Deutschland,LG Electronics Deutschland GmbH,GERMANY,ETSI,INDIVIDUAL MEMBERS
LG Electronics Finland,LG Electronics Finland Lab Oy,FINLAND,ETSI,INDIVIDUAL MEMBERS
LG Electronics France,LG Electronics France,FRANCE,ETSI,INDIVIDUAL MEMBERS
LG Electronics Inc.,LG Electronics Inc.,KOREA (REPUBLIC OF),TTA,INDIVIDUAL MEMBERS
LG Electronics Polska,LG Electronics Polska Sp. z.o.o.,POLAND,ETSI,INDIVIDUAL MEMBERS
LG Electronics UK,LG Electronics UK Ltd,UNITED KINGDOM,ETSI,INDIVIDUAL MEMBERS
LG Uplus,LG Uplus,KOREA (REPUBLIC OF),TTA,INDIVIDUAL MEMBERS
Ligado Networks,Ligado Networks,UNITED STATES,ETSI,INDIVIDUAL MEMBERS
LKA Niedersachsen,Landeskriminalamt Niedersachsen,GERMANY,ETSI,INDIVIDUAL MEMBERS
Lockheed Martin,Lockheed Martin,UNITED STATES,ATIS,INDIVIDUAL MEMBERS
Logius,Logius,NETHERLANDS,ETSI,INDIVIDUAL MEMBERS
Lynk Global,Lynk Global,UNITED STATES,ATIS,INDIVIDUAL MEMBERS
Magister Solutions Ltd,Magister Solutions Ltd,FINLAND,ETSI,INDIVIDUAL MEMBERS
Maketh Secure Limited,Maketh Secure Limited,UNITED KINGDOM,ETSI,INDIVIDUAL MEMBERS
Marquis Technologies,Marquis Technologies Pvt Ltd,INDIA,TSDSI,INDIVIDUAL MEMBERS
Marvell Technology  Inc.,Marvell Technology  Inc.,UNITED STATES,ATIS,INDIVIDUAL MEMBERS
MATRIXX Software,MATRIXX Software  Inc.,UNITED STATES,ETSI,INDIVIDUAL MEMBERS
Mavenir,Mavenir Systems  Inc,UNITED STATES,ETSI,INDIVIDUAL MEMBERS
MaxWave Micro,MaxWave Microelectronics Ltd.,CHINA,CCSA,INDIVIDUAL MEMBERS
MediaTek (Chengdu) Inc.,MediaTek (Chengdu) Inc.,CHINA,CCSA,INDIVIDUAL MEMBERS
MediaTek (Hefei) Inc.,MediaTek (Hefei) Inc.,CHINA,CCSA,INDIVIDUAL MEMBERS
MediaTek (Shenzhen) Inc.,MediaTek (Shenzhen) Inc.,CHINA,CCSA,INDIVIDUAL MEMBERS
MediaTek (Wuhan) Inc.,MediaTek (Wuhan) Inc.,CHINA,CCSA,INDIVIDUAL MEMBERS
MediaTek Beijing Inc.,MediaTek Beijing Inc.,CHINA,CCSA,INDIVIDUAL MEMBERS
MediaTek Finland,MediaTek Wireless Finland Oy,FINLAND,ETSI,INDIVIDUAL MEMBERS
MediaTek Germany GmbH,MediaTek Germany GmbH,GERMANY,ETSI,INDIVIDUAL MEMBERS
MediaTek Inc.,MediaTek Incorporated,TAIWAN  PROVINCE OF CHINA,ETSI,INDIVIDUAL MEMBERS
Mediatek India Technology Pvt.,Mediatek India Technology Pvt. Ltd.,INDIA,TSDSI,INDIVIDUAL MEMBERS
MediaTek Korea Inc.,MediaTek Korea Inc.,KOREA (REPUBLIC OF),TTA,INDIVIDUAL MEMBERS
MediaTek Sweden AB,MediaTek Sweden AB,SWEDEN,ETSI,INDIVIDUAL MEMBERS
MediaTek Technology USA Inc.,MediaTek Technology USA Inc.,UNITED STATES,ATIS,INDIVIDUAL MEMBERS
MediaTek UK,MTK Wireless Ltd,UNITED KINGDOM,ETSI,INDIVIDUAL MEMBERS
MediaTek USA,MediaTek USA,UNITED STATES,ATIS,INDIVIDUAL MEMBERS
MeitY,Ministry of Electronics & Information Technology,INDIA,TSDSI,INDIVIDUAL MEMBERS
Meizu Technology,Meizu Technology,CHINA,CCSA,INDIVIDUAL MEMBERS
Mercedes-Benz AG,Mercedes-Benz AG,GERMANY,ETSI,INDIVIDUAL MEMBERS
Mesaqin.com s.r.o (Ltd.),Mesaqin.com s.r.o (Ltd.),CZECH REPUBLIC,ETSI,INDIVIDUAL MEMBERS
Meta India,Meta India Online Services Pvt Ltd,INDIA,TSDSI,INDIVIDUAL MEMBERS
Meta Ireland,Meta Platforms Ireland Ltd.,IRELAND,ETSI,INDIVIDUAL MEMBERS
Meta USA,Meta USA,UNITED STATES,ATIS,INDIVIDUAL MEMBERS
Microchip Technology  Inc.,Microchip Technology  Inc.,UNITED STATES,ATIS,INDIVIDUAL MEMBERS
Microsoft Ireland,Microsoft Ireland Operations Limited,IRELAND,ETSI,INDIVIDUAL MEMBERS
MidWave Wireless,MidWave Wireless,UNITED STATES,ATIS,INDIVIDUAL MEMBERS
MIMIT,Ministry of Enterprises and Made in Italy,ITALY,ETSI,INDIVIDUAL MEMBERS
MinEA,Ministry of Economic Affairs and Climate Policy,NETHERLANDS,ETSI,INDIVIDUAL MEMBERS
MINISTERE DE L'INTERIEUR,MINISTERE DE L'INTERIEUR,FRANCE,ETSI,INDIVIDUAL MEMBERS
Ministère Economie et Finances,Ministère de l'Economie et des Finances,FRANCE,ETSI,INDIVIDUAL MEMBERS
Ministry for Digital - Spain,Ministry for Digital Transformation and of Civil Service,SPAIN,ETSI,INDIVIDUAL MEMBERS
Ministry of Transport SR,Ministry of Transport of the Slovak Republic,SLOVAKIA,ETSI,INDIVIDUAL MEMBERS
MITRE Corporation,MITRE Corporation,UNITED STATES,ETSI,INDIVIDUAL MEMBERS
MITRE-FFRDC,MITRE-FFRDC,UNITED STATES,ATIS,INDIVIDUAL MEMBERS
Mitsubishi Electric Co.,Mitsubishi Electric Co.,JAPAN,ARIB,INDIVIDUAL MEMBERS
Mitsubishi Electric Corp,Mitsubishi Electric Corporation,JAPAN,TTC,INDIVIDUAL MEMBERS
Mitsubishi Electric RCE,Mitsubishi Electric R&D Centre Europe,FRANCE,ETSI,INDIVIDUAL MEMBERS
Motorola Mobile Com Technology,MOTOROLA MOBILE COMMUNICATION TECHNOLOGY LTD.,CHINA,CCSA,INDIVIDUAL MEMBERS
Motorola Mobility España SA,Motorola Mobility España SA,SPAIN,ETSI,INDIVIDUAL MEMBERS
Motorola Mobility France S.A.S,Motorola Mobility France S.A.S,FRANCE,ETSI,INDIVIDUAL MEMBERS
Motorola Mobility Germany GmbH,Motorola Mobility Germany GmbH,GERMANY,ETSI,INDIVIDUAL MEMBERS
Motorola Mobility UK Ltd.,Motorola Mobility UK Ltd.,UNITED KINGDOM,ETSI,INDIVIDUAL MEMBERS
Motorola Solutions Germany,Motorola Solutions Germany GmbH,GERMANY,ETSI,INDIVIDUAL MEMBERS
Motorola Solutions UK Ltd.,Motorola Solutions UK Ltd.,UNITED KINGDOM,ETSI,INDIVIDUAL MEMBERS
MTCC,Mobile Technology Convergence Center,KOREA (REPUBLIC OF),TTA,INDIVIDUAL MEMBERS
Murata Manufacturing Co Ltd.,Murata Manufacturing Co Ltd.,JAPAN,ARIB,INDIVIDUAL MEMBERS
MVG Industries,MVG Industries,FRANCE,ETSI,INDIVIDUAL MEMBERS
Nanjing vivo Software Tech.,Nanjing vivo Software Technology Co.  Ltd.,CHINA,CCSA,INDIVIDUAL MEMBERS
Nanjing Weibo,Nanjing Weibo Software Technology Co.  Ltd.,CHINA,CCSA,INDIVIDUAL MEMBERS
National Instruments Corp.,National Instruments Corporation,UNITED STATES,ETSI,INDIVIDUAL MEMBERS
National Radio Research Agency,National Radio Research Agency,KOREA (REPUBLIC OF),TTA,INDIVIDUAL MEMBERS
National Spectrum Consortium,National Spectrum Consortium,UNITED STATES,ATIS,INDIVIDUAL MEMBERS
National Technical Assistance,National Technical Assistance Centre,UNITED KINGDOM,ETSI,INDIVIDUAL MEMBERS
nbn co Limited,nbn co Limited (ABN 86 136 533 741),AUSTRALIA,ETSI,INDIVIDUAL MEMBERS
NCI Agency,NATO Communication and Information Agency,NETHERLANDS,ETSI,INDIVIDUAL MEMBERS
NCIS,National Criminal Investigation Service,NORWAY,ETSI,INDIVIDUAL MEMBERS
NCSC,National Cyber Security Centre,UNITED KINGDOM,ETSI,INDIVIDUAL MEMBERS
NDRE,National Defence Radio Establishment,SWEDEN,ETSI,INDIVIDUAL MEMBERS
NEC  Corporation,NEC Corporation,JAPAN,ARIB,INDIVIDUAL MEMBERS
NEC Corporation,NEC Corporation,JAPAN,ETSI,INDIVIDUAL MEMBERS
NEC Corporation.,NEC Corporation,JAPAN,TTC,INDIVIDUAL MEMBERS
NEC Europe Ltd,NEC Europe Ltd,UNITED KINGDOM,ETSI,INDIVIDUAL MEMBERS
NEC Telecom MODUS Ltd.,NEC Telecom MODUS Ltd.,UNITED KINGDOM,ETSI,INDIVIDUAL MEMBERS
NEMERGENT,NEMERGENT SOLUTIONS SL,SPAIN,ETSI,INDIVIDUAL MEMBERS
NERCDTV,Shanghai National Engineering Research Center of Digital Television Co. Ltd.,CHINA,CCSA,INDIVIDUAL MEMBERS
Netherlands Police,Netherlands Police  Division MDC,NETHERLANDS,ETSI,INDIVIDUAL MEMBERS
Netscout Systems Inc.,Netscout Systems Inc.,UNITED STATES,ETSI,INDIVIDUAL MEMBERS
Network Rail,Network Rail infrastructure limited,UNITED KINGDOM,ETSI,INDIVIDUAL MEMBERS
New H3C Technologies Co.  Ltd.,New H3C Technologies Co.  Ltd.,CHINA,CCSA,INDIVIDUAL MEMBERS
NextNav,NextNav,UNITED STATES,ATIS,INDIVIDUAL MEMBERS
NHK,NHK (Japan Broadcasting Corporation),JAPAN,ARIB,INDIVIDUAL MEMBERS
NICT,National Institute of Information and Communications Technology,JAPAN,ARIB,INDIVIDUAL MEMBERS
Niral,Niral Networks Private Limited,INDIA,TSDSI,INDIVIDUAL MEMBERS
NIST,National Institute of Standards and Technology,UNITED STATES,ATIS,INDIVIDUAL MEMBERS
Nkom,Norwegian Communications Authority,NORWAY,ETSI,INDIVIDUAL MEMBERS
Nokia,Nokia,UNITED STATES,ATIS,INDIVIDUAL MEMBERS
Nokia Belgium,Nokia Bell N.V.,BELGIUM,ETSI,INDIVIDUAL MEMBERS
Nokia Corporation,Nokia Corporation,FINLAND,ETSI,INDIVIDUAL MEMBERS
Nokia Denmark,Nokia Denmark A/S,DENMARK,ETSI,INDIVIDUAL MEMBERS
Nokia France,Nokia Networks France,FRANCE,ETSI,INDIVIDUAL MEMBERS
Nokia Germany,Nokia Solutions and Networks GmbH & Co. KG,GERMANY,ETSI,INDIVIDUAL MEMBERS
Nokia Hungary,Nokia Solutions and Networks Kft.,HUNGARY,ETSI,INDIVIDUAL MEMBERS
Nokia Japan,Nokia Japan,JAPAN,ARIB,INDIVIDUAL MEMBERS
Nokia Korea,Nokia Korea,KOREA (REPUBLIC OF),TTA,INDIVIDUAL MEMBERS
Nokia Poland,Nokia Solutions and Networks Sp. z.o.o.,POLAND,ETSI,INDIVIDUAL MEMBERS
Nokia Shanghai Bell,Nokia Shanghai Bell Co.  Ltd,CHINA,CCSA,INDIVIDUAL MEMBERS
Nokia Solutions & Networks (I),Nokia Solutions and Networks India Pvt. Ltd.,INDIA,TSDSI,INDIVIDUAL MEMBERS
Nokia UK,Nokia UK Ltd.,UNITED KINGDOM,ETSI,INDIVIDUAL MEMBERS
Nordic Semiconductor ASA,Nordic Semiconductor ASA,NORWAY,ETSI,INDIVIDUAL MEMBERS
NOVAMINT,NOVAMINT,UNITED KINGDOM,ETSI,INDIVIDUAL MEMBERS
NPL,National Physical Laboratory Management Ltd,UNITED KINGDOM,ETSI,INDIVIDUAL MEMBERS
NTIA,National Telecommunications and Information Administration,UNITED STATES,ATIS,INDIVIDUAL MEMBERS
NTPU,National Taipei University,TAIWAN  PROVINCE OF CHINA,ETSI,INDIVIDUAL MEMBERS
NTT,Nippon Telegraph and Telephone Corporation (NTT),JAPAN,TTC,INDIVIDUAL MEMBERS
NTT corporation,Nippon Telegraph and Telephone Corporation,JAPAN,ETSI,INDIVIDUAL MEMBERS
NTT DOCOMO INC.,NTT DOCOMO INC.,JAPAN,TTC,INDIVIDUAL MEMBERS
NTT DOCOMO INC..,NTT DOCOMO INC.,JAPAN,ARIB,INDIVIDUAL MEMBERS
NTT-AT Corp.,NTT Advanced Technology Corporation,JAPAN,TTC,INDIVIDUAL MEMBERS
NTU,National Taiwan University,TAIWAN  PROVINCE OF CHINA,ETSI,INDIVIDUAL MEMBERS
Nubia Technology Co. Ltd,Nubia Technology Co. Ltd,CHINA,CCSA,INDIVIDUAL MEMBERS
NUFRONT,Nufront (Beijing) Technology Co.  Ltd.,CHINA,CCSA,INDIVIDUAL MEMBERS
NVIDIA,NVIDIA Corporation,UNITED STATES,ATIS,INDIVIDUAL MEMBERS
NXP Semiconductors Netherlands,NXP Semiconductors Netherlands B.V.,NETHERLANDS,ETSI,INDIVIDUAL MEMBERS
NYCU,National Yang Ming Chiao Tung University,TAIWAN  PROVINCE OF CHINA,ETSI,INDIVIDUAL MEMBERS
Obvios,Obvios,FRANCE,ETSI,INDIVIDUAL MEMBERS
Odido,Odido Netherlands B.V.,NETHERLANDS,ETSI,INDIVIDUAL MEMBERS
Ofcom (CH),Ofcom (CH),SWITZERLAND,ETSI,INDIVIDUAL MEMBERS
Ofcom (U.K.),Ofcom - Office of Communications (U.K.),UNITED KINGDOM,ETSI,INDIVIDUAL MEMBERS
Oki Electric Industry Co. Ltd.,OKi Electric Industry Co.  Ltd,JAPAN,TTC,INDIVIDUAL MEMBERS
Omnispace,Omnispace,UNITED STATES,ATIS,INDIVIDUAL MEMBERS
ONE Media 3.0 LLC,ONE Media 3.0 LLC,UNITED STATES,ATIS,INDIVIDUAL MEMBERS
one2many B.V.,one2many B.V.,NETHERLANDS,ETSI,INDIVIDUAL MEMBERS
OnePlus,OnePlus (Shenzhen) Technology Co.  LTD,CHINA,CCSA,INDIVIDUAL MEMBERS
OPPO,Guangdong OPPO Mobile Telecommunications Corp. Ltd.,CHINA,ETSI,INDIVIDUAL MEMBERS
OPPO (chongqing) Intelligence,OPPO (chongqing) Intelligence Technology Limited,CHINA,CCSA,INDIVIDUAL MEMBERS
OPPO Beijing,Beijing OPPO Telecommunications Corp.  ltd.,CHINA,CCSA,INDIVIDUAL MEMBERS
OptM Media,OptM Media Solutions Private Limited,INDIA,TSDSI,INDIVIDUAL MEMBERS
OQTEC,OQ TECHNOLOGY,LUXEMBOURG,ETSI,INDIVIDUAL MEMBERS
Oracle Corporation,Oracle Corporation,UNITED STATES,ETSI,INDIVIDUAL MEMBERS
Orange,Orange,FRANCE,ETSI,INDIVIDUAL MEMBERS
Orange Romania,Orange Romania,ROMANIA,ETSI,INDIVIDUAL MEMBERS
Orange Spain,France Telecom España S.A.U.,SPAIN,ETSI,INDIVIDUAL MEMBERS
Orange UK,Orange Brand Services Ltd,UNITED KINGDOM,ETSI,INDIVIDUAL MEMBERS
ORS,Österreichische Rundfunksender GmbH & Co KG,AUSTRIA,ETSI,INDIVIDUAL MEMBERS
OTD_US,OTD_US,UNITED STATES,ATIS,INDIVIDUAL MEMBERS
OTE S.A,OTE S.A,GREECE,ETSI,INDIVIDUAL MEMBERS
P.I. WORKS,P.I. WORKS TR BILISIM HIZMETLERI A.S.,TÜRKIYE,ETSI,INDIVIDUAL MEMBERS
Pairpoint,DABCO Ltd,UNITED KINGDOM,ETSI,INDIVIDUAL MEMBERS
Panasonic Holdings Corporation,Panasonic Holdings Corporation,JAPAN,ARIB,INDIVIDUAL MEMBERS
PANASONIC R&D Center Germany,PANASONIC R&D Center Germany GmbH,GERMANY,ETSI,INDIVIDUAL MEMBERS
PCCW Global B.V.,PCCW Global B.V.,FRANCE,ETSI,INDIVIDUAL MEMBERS
PCI,Philips (China) Investment Co.  Ltd.,CHINA,CCSA,INDIVIDUAL MEMBERS
Peking University,Peking University,CHINA,CCSA,INDIVIDUAL MEMBERS
Pengcheng laboratory,Pengcheng laboratory,CHINA,CCSA,INDIVIDUAL MEMBERS
Peraton Labs,Peraton Labs,UNITED STATES,ATIS,INDIVIDUAL MEMBERS
Philips International B.V.,Philips International B.V.,NETHERLANDS,ETSI,INDIVIDUAL MEMBERS
PHY Wireless,PHY Wireless,UNITED STATES,ATIS,INDIVIDUAL MEMBERS
PIDS,PIDS,NETHERLANDS,ETSI,INDIVIDUAL MEMBERS
PKUSZ,Peking university shenzhen graduate school,CHINA,CCSA,INDIVIDUAL MEMBERS
Plan-S,Plan S Uydu ve Uzay Teknolojileri A.S,TÜRKIYE,ETSI,INDIVIDUAL MEMBERS
PML,Purple Mountain Laboratories: Networking  Communications and Security,CHINA,CCSA,INDIVIDUAL MEMBERS
Polaris Wireless,Polaris Wireless,UNITED STATES,ATIS,INDIVIDUAL MEMBERS
Polisen,Polismyndigheten,SWEDEN,ETSI,INDIVIDUAL MEMBERS
POST Luxembourg,POST Luxembourg,LUXEMBOURG,ETSI,INDIVIDUAL MEMBERS
Prasar Bharati,Prasar Bharati,INDIA,TSDSI,INDIVIDUAL MEMBERS
Proximus Plc,Proximus Plc,BELGIUM,ETSI,INDIVIDUAL MEMBERS
PSCE,Public Safety Communication Europe Forum,BELGIUM,ETSI,INDIVIDUAL MEMBERS
PT PORTUGAL SGPS SA,PT Portugal SGPS SA,PORTUGAL,ETSI,INDIVIDUAL MEMBERS
PTS,Swedish Post and Telecom Authority,SWEDEN,ETSI,INDIVIDUAL MEMBERS
Public Safety Canada,Public Safety Canada,CANADA,ETSI,INDIVIDUAL MEMBERS
Qihoo 360,Qihoo 360 Technology Co.  Ltd.,CHINA,CCSA,INDIVIDUAL MEMBERS
Qorvo,Qorvo,UNITED STATES,ETSI,INDIVIDUAL MEMBERS
Qualcomm Atheros  Inc.,Qualcomm Atheros  Inc.,UNITED STATES,ATIS,INDIVIDUAL MEMBERS
QUALCOMM Europe Inc. - Italy,QUALCOMM Europe Inc. - Italy Branch Office,ITALY,ETSI,INDIVIDUAL MEMBERS
QUALCOMM Europe Inc. - Spain,QUALCOMM Europe Inc. - Spain Branch Office,SPAIN,ETSI,INDIVIDUAL MEMBERS
Qualcomm France,Qualcomm France SARL,FRANCE,ETSI,INDIVIDUAL MEMBERS
Qualcomm Germany,Qualcomm Germany GmbH,GERMANY,ETSI,INDIVIDUAL MEMBERS
Qualcomm Incorporated,Qualcomm Incorporated,UNITED STATES,ATIS,INDIVIDUAL MEMBERS
Qualcomm India Pvt Ltd,Qualcomm India Pvt Ltd,INDIA,TSDSI,INDIVIDUAL MEMBERS
Qualcomm Innovation Center Inc,Qualcomm Innovation Center  Inc.,UNITED STATES,ATIS,INDIVIDUAL MEMBERS
QUALCOMM JAPAN LLC.,QUALCOMM JAPAN LLC.,JAPAN,ARIB,INDIVIDUAL MEMBERS
Qualcomm Korea,Qualcomm Korea,KOREA (REPUBLIC OF),TTA,INDIVIDUAL MEMBERS
Qualcomm Tech. Netherlands B.V,Qualcomm Technologies Netherlands B.V.,NETHERLANDS,ETSI,INDIVIDUAL MEMBERS
Qualcomm Technologies,Qualcomm Technologies,UNITED STATES,ATIS,INDIVIDUAL MEMBERS
Qualcomm Technologies Int,Qualcomm Technologies International  Ltd,UNITED KINGDOM,ETSI,INDIVIDUAL MEMBERS
Qualcomm Technologies Ireland,QT Technologies Ireland Limited,IRELAND,ETSI,INDIVIDUAL MEMBERS
Quanray,Shanghai Quanray Electronics Co.  Ltd.,CHINA,CCSA,INDIVIDUAL MEMBERS
Quectel,Quectel Wireless Solutions Co.  Ltd.,CHINA,CCSA,INDIVIDUAL MEMBERS
QWCT,QUALCOMM Wireless Communication Technologies (China) Limited,CHINA,CCSA,INDIVIDUAL MEMBERS
RadiSys,RadiSys Inc.,CANADA,ETSI,INDIVIDUAL MEMBERS
Rakuten Mobile  Inc,Rakuten Mobile  Inc,JAPAN,ARIB,INDIVIDUAL MEMBERS
RATEL,Regulatory Authority For Electronic Communications and Postal Services,SERBIA,ETSI,INDIVIDUAL MEMBERS
Realme (Shenzhen),Realme Mobile Telecommunications (Shenzhen) Co.  Ltd.,CHINA,CCSA,INDIVIDUAL MEMBERS
Reflection B.V.,Reflection Investment B.V.,NETHERLANDS,ETSI,INDIVIDUAL MEMBERS
Reliance Jio,Reliance Jio,INDIA,TSDSI,INDIVIDUAL MEMBERS
RICHTEK KOREA,RICHTEK KOREA,KOREA (REPUBLIC OF),TTA,INDIVIDUAL MEMBERS
RISE,RISE Research Institutes of Sweden,SWEDEN,ETSI,INDIVIDUAL MEMBERS
ROBERT BOSCH GmbH,ROBERT BOSCH GmbH,GERMANY,ETSI,INDIVIDUAL MEMBERS
Rogers Communications Canada,Rogers Communications Canada Inc.,CANADA,ETSI,INDIVIDUAL MEMBERS
ROHDE & SCHWARZ,ROHDE & SCHWARZ GmbH & Co.KG,GERMANY,ETSI,INDIVIDUAL MEMBERS
Ruijie Network Co. Ltd,Ruijie Network Co. Ltd,CHINA,CCSA,INDIVIDUAL MEMBERS
SageRAN,Guangdong Sageran Technology Co.  Ltd,CHINA,CCSA,INDIVIDUAL MEMBERS
SAICT,Shenzhen Academy of Information and Communication Technology,CHINA,CCSA,INDIVIDUAL MEMBERS
Samsung Electronics Co.  Ltd,Samsung Electronics Co.  Ltd.,KOREA (REPUBLIC OF),TTA,INDIVIDUAL MEMBERS
Samsung Electronics Czech,Samsung Electronics Czech,CZECH REPUBLIC,ETSI,INDIVIDUAL MEMBERS
Samsung Electronics France SA,Samsung Electronics France SA,FRANCE,ETSI,INDIVIDUAL MEMBERS
Samsung Electronics GmbH,Samsung Electronics GmbH,GERMANY,ETSI,INDIVIDUAL MEMBERS
Samsung Electronics Iberia SA,Samsung Electronics Iberia SA,SPAIN,ETSI,INDIVIDUAL MEMBERS
Samsung Electronics Nordic AB,Samsung Electronics Nordic AB,SWEDEN,ETSI,INDIVIDUAL MEMBERS
Samsung Electronics Polska,Samsung Electronics Polska,POLAND,ETSI,INDIVIDUAL MEMBERS
Samsung Guangzhou Mobile R&D,Samsung Guangzhou Mobile R&D Center,CHINA,CCSA,INDIVIDUAL MEMBERS
Samsung Nanjing,Samsung Electronic (China) R&D Center,CHINA,CCSA,INDIVIDUAL MEMBERS
Samsung R&D Institute India,Samsung R&D Institute India - Bangalore Pvt. Ltd,INDIA,TSDSI,INDIVIDUAL MEMBERS
SAMSUNG R&D INSTITUTE JAPAN,SAMSUNG R&D INSTITUTE JAPAN,JAPAN,ARIB,INDIVIDUAL MEMBERS
Samsung R&D Institute UK,Samsung R&D Institute UK,UNITED KINGDOM,ETSI,INDIVIDUAL MEMBERS
Samsung Research America,Samsung Research America,UNITED STATES,ATIS,INDIVIDUAL MEMBERS
Samsung Shenzhen,Samsung Network R&D Center-Shenzhen,CHINA,CCSA,INDIVIDUAL MEMBERS
Sanechips,Sanechips Technology Co.   Ltd.,CHINA,CCSA,INDIVIDUAL MEMBERS
Sateliot,Satelio IoT Services,SPAIN,ETSI,INDIVIDUAL MEMBERS
Schindler,Schindler Elevator Ltd,SWITZERLAND,ETSI,INDIVIDUAL MEMBERS
SDI Squared,SDI Squared LLC,UNITED STATES,ETSI,INDIVIDUAL MEMBERS
Sectra Communications AB,Sectra Communications AB,SWEDEN,ETSI,INDIVIDUAL MEMBERS
Security Service,Swedish Security Service,SWEDEN,ETSI,INDIVIDUAL MEMBERS
Semtech Neuchatel SA,Semtech Neuchatel SA,SWITZERLAND,ETSI,INDIVIDUAL MEMBERS
Sennheiser electronic SE,Sennheiser electronic SE & Co. KG,GERMANY,ETSI,INDIVIDUAL MEMBERS
Sensus UK,Sensus UK Systems Limited,UNITED KINGDOM,ETSI,INDIVIDUAL MEMBERS
Sepura Ltd,Sepura Limited,UNITED KINGDOM,ETSI,INDIVIDUAL MEMBERS
Sequans Communications,Sequans Communications,FRANCE,ETSI,INDIVIDUAL MEMBERS
SES S.A.,SES S.A.,LUXEMBOURG,ETSI,INDIVIDUAL MEMBERS
SETS,Society for Electronic Transactions and Security,INDIA,TSDSI,INDIVIDUAL MEMBERS
SEU,Southeast University,CHINA,CCSA,INDIVIDUAL MEMBERS
SGDSN,Secrétariat Général de la Défense et de la Sécurité Nationale (SGDSN),FRANCE,ETSI,INDIVIDUAL MEMBERS
SGITG,State Grid Information & Telecommunication Group Co.  Ltd.,CHINA,CCSA,INDIVIDUAL MEMBERS
SGS Wireless,SGS Wireless,UNITED KINGDOM,ETSI,INDIVIDUAL MEMBERS
Shanghai Chen Si Electronics,Shanghai Chen Si Electronics Technology Co.  Ltd,CHINA,CCSA,INDIVIDUAL MEMBERS
Shanghai Jiao Tong University,Shanghai Jiao Tong University,CHINA,CCSA,INDIVIDUAL MEMBERS
Shanghai Tejet Com Technology,Shanghai Tejet Communications Technology Co.  Ltd.,CHINA,CCSA,INDIVIDUAL MEMBERS
SHARP Corporation,SHARP Corporation,JAPAN,ARIB,INDIVIDUAL MEMBERS
Shenzhen Heytap,Shenzhen Heytap Technology Corp. Ltd.,CHINA,CCSA,INDIVIDUAL MEMBERS
ShenZhen Zhongxing Shitong,ShenZhen Zhongxing Shitong Tech. Co. Ltd.,CHINA,CCSA,INDIVIDUAL MEMBERS
SIA,Shenyang Institute of Automation  Chinese Academy of Sciences,CHINA,CCSA,INDIVIDUAL MEMBERS
Siemens AG,Siemens AG,GERMANY,ETSI,INDIVIDUAL MEMBERS
Signalchip Innovations Pvt.,Signalchip Innovations Pvt. Ltd.,INDIA,TSDSI,INDIVIDUAL MEMBERS
SIST,Slovenian Institute for Standardisation,SLOVENIA,ETSI,INDIVIDUAL MEMBERS
Sisvel,Sisvel International S.A.,LUXEMBOURG,ETSI,INDIVIDUAL MEMBERS
SK Telecom,SK TELECOM,KOREA (REPUBLIC OF),TTA,INDIVIDUAL MEMBERS
SKY Perfect JSAT Corporation,SKY Perfect JSAT Corporation,JAPAN,ARIB,INDIVIDUAL MEMBERS
Skylo Technologies,Skylo Technologies,UNITED STATES,ATIS,INDIVIDUAL MEMBERS
Skyworks Solutions Inc.,Skyworks Solutions Inc.,UNITED STATES,ETSI,INDIVIDUAL MEMBERS
Smart Internet Lab,Smart Internet Lab  University of Bristol,UNITED KINGDOM,ETSI,INDIVIDUAL MEMBERS
SmarterMicro Inc.,Smarter Microelectronics(Guangzhou) Co. Ltd,CHINA,CCSA,INDIVIDUAL MEMBERS
SnT - University of Luxembourg,Interdisciplinary Centre for Security  Reliability and Trust/University of Luxembourg,LUXEMBOURG,ETSI,INDIVIDUAL MEMBERS
SoftBank Corp.,SoftBank Corp.,JAPAN,ARIB,INDIVIDUAL MEMBERS
Softel Systems,Softel Systems Pty Ltd,AUSTRALIA,ETSI,INDIVIDUAL MEMBERS
Softil Ltd,Softil Ltd,ISRAEL,ETSI,INDIVIDUAL MEMBERS
Sony Corporation,Sony Corporation,JAPAN,ARIB,INDIVIDUAL MEMBERS
Sony Europe B.V.,Sony Europe B.V.,UNITED KINGDOM,ETSI,INDIVIDUAL MEMBERS
Sony Group Corporation,Sony Group Corporation,JAPAN,ARIB,INDIVIDUAL MEMBERS
Sooktha Consulting Pvt Ltd,Sooktha Consulting Pvt Ltd,INDIA,TSDSI,INDIVIDUAL MEMBERS
Soongsil University,Soongsil University,KOREA (REPUBLIC OF),TTA,INDIVIDUAL MEMBERS
SOS Alarm,SOS Alarm Sverige AB,SWEDEN,ETSI,INDIVIDUAL MEMBERS
Southern Linc.,Southern Linc.,UNITED STATES,ATIS,INDIVIDUAL MEMBERS
Southwest Jiaotong university,Southwest Jiaotong university,CHINA,CCSA,INDIVIDUAL MEMBERS
SpaceX,SpaceX Netherlands B.V,NETHERLANDS,ETSI,INDIVIDUAL MEMBERS
Spark NZ Ltd,Spark NZ Ltd,NEW ZEALAND,ATIS,INDIVIDUAL MEMBERS
Spirent Communications,Spirent Communications,UNITED STATES,ETSI,INDIVIDUAL MEMBERS
Sporton International Inc,Sporton International Inc.,TAIWAN  PROVINCE OF CHINA,ETSI,INDIVIDUAL MEMBERS
Spreadtrum Communications,Spreadtrum Communications (Shanghai) Co.  Ltd.,CHINA,CCSA,INDIVIDUAL MEMBERS
SRTC,The State Radio_monitoring_center Testing Center,CHINA,CCSA,INDIVIDUAL MEMBERS
SS8,SS8 Networks Inc.,UNITED STATES,ETSI,INDIVIDUAL MEMBERS
SSNS,Special Service for the National Security of Hungary,HUNGARY,ETSI,INDIVIDUAL MEMBERS
Starpoint,Beijing Starpoint Technology Company Limited,CHINA,CCSA,INDIVIDUAL MEMBERS
STE IDIRECT IRELAND LTD,ST ENGINEERING IDIRECT (IRELAND) LIMITED,IRELAND,ETSI,INDIVIDUAL MEMBERS
STMicroelectronics,STMicroelectronics International NV,SWITZERLAND,ETSI,INDIVIDUAL MEMBERS
Sumitomo Elec. Industries  Ltd,Sumitomo Electric Industries  Ltd.,JAPAN,ARIB,INDIVIDUAL MEMBERS
SUNGKYUNKWAN UNIVERSITY,SUNGKYUNKWAN UNIVERSITY,KOREA (REPUBLIC OF),TTA,INDIVIDUAL MEMBERS
SUTD,Singapore University of Technology and Design,SINGAPORE,ETSI,INDIVIDUAL MEMBERS
Swift Navigation,Swift Navigation,UNITED STATES,ATIS,INDIVIDUAL MEMBERS
SWISSCOM,SWISSCOM SA,SWITZERLAND,ETSI,INDIVIDUAL MEMBERS
SWR,Südwestrundfunk,GERMANY,ETSI,INDIVIDUAL MEMBERS
SyncTechno Inc.,SyncTechno  Inc.,KOREA (REPUBLIC OF),TTA,INDIVIDUAL MEMBERS
Syniverse,M/s Syniverse Technologies Services India Pvt. Ltd.,INDIA,TSDSI,INDIVIDUAL MEMBERS
TA,Tantra Analyst,UNITED STATES,ETSI,INDIVIDUAL MEMBERS
Tait Europe Limited,Tait Europe Limited,AUSTRIA,ETSI,INDIVIDUAL MEMBERS
TATA Communications Ltd,TATA Communications Ltd,INDIA,TSDSI,INDIVIDUAL MEMBERS
Tata Elxsi Limited.,Tata Elxsi Limited.,INDIA,TSDSI,INDIVIDUAL MEMBERS
TCL,Shenzhen TCL New Technology Company Ltd.,CHINA,CCSA,INDIVIDUAL MEMBERS
TCS,TATA Consultancy Services,INDIA,TSDSI,INDIVIDUAL MEMBERS
TD Tech Ltd,TD Tech Ltd,CHINA,CCSA,INDIVIDUAL MEMBERS
TDF,TDF SAS,FRANCE,ETSI,INDIVIDUAL MEMBERS
Tech Mahindra Limited,Tech Mahindra Limited,INDIA,TSDSI,INDIVIDUAL MEMBERS
Tejas Network Limited,Tejas Network Limited,INDIA,TSDSI,INDIVIDUAL MEMBERS
Tektronix GmbH,Tektronix GmbH,GERMANY,ETSI,INDIVIDUAL MEMBERS
TELECOM ITALIA S.p.A.,Telecom Italia S.p.A.,ITALY,ETSI,INDIVIDUAL MEMBERS
Telefonica Germany GmbH,Telefónica Germany GmbH & Co OHG,GERMANY,ETSI,INDIVIDUAL MEMBERS
TELEFONICA S.A.,TELEFONICA S.A.,SPAIN,ETSI,INDIVIDUAL MEMBERS
Telekom Deutschland GmbH,Telekom Deutschland GmbH,GERMANY,ETSI,INDIVIDUAL MEMBERS
TELENOR ASA,Telenor ASA,NORWAY,ETSI,INDIVIDUAL MEMBERS
Telesat International Limited,Telesat International Limited,UNITED KINGDOM,ETSI,INDIVIDUAL MEMBERS
Telia Company AB,Telia Company AB,SWEDEN,ETSI,INDIVIDUAL MEMBERS
Telit Communications S.p.A.,Telit Communications S.p.A.,ITALY,ETSI,INDIVIDUAL MEMBERS
Telstra Limited,Telstra Limited,AUSTRALIA,ETSI,INDIVIDUAL MEMBERS
TELUS,TELUS,CANADA,ATIS,INDIVIDUAL MEMBERS
Tencent,Shenzhen city Tencent computer system Co. Ltd.,CHINA,CCSA,INDIVIDUAL MEMBERS
Tencent Cloud,Tencent cloud computing Beijing Co.  Ltd,CHINA,CCSA,INDIVIDUAL MEMBERS
Teradyne,Teradyne,UNITED STATES,ATIS,INDIVIDUAL MEMBERS
TerreStar Solutions Inc.,TerreStar Solutions Inc.,CANADA,ATIS,INDIVIDUAL MEMBERS
Texas A&M University,Texas A&M University,UNITED STATES,ETSI,INDIVIDUAL MEMBERS
TEXAS Instruments,Texas Instruments France,FRANCE,ETSI,INDIVIDUAL MEMBERS
THALES,THALES,FRANCE,ETSI,INDIVIDUAL MEMBERS
THURAYA TELECOM CO.,THURAYA TELECOMMUNICATIONS COMPANY,UNITED ARAB EMIRATES,ETSI,INDIVIDUAL MEMBERS
Tiami Networks,Tiami Networks,UNITED STATES,ATIS,INDIVIDUAL MEMBERS
TII,Technology Innovation Institute,UNITED ARAB EMIRATES,ETSI,INDIVIDUAL MEMBERS
T-Mobile Austria GmbH,T-Mobile AUSTRIA GmbH,AUSTRIA,ETSI,INDIVIDUAL MEMBERS
T-Mobile Polska S.A.,T-Mobile Polska Spolka Akcyjna,POLAND,ETSI,INDIVIDUAL MEMBERS
T-Mobile USA,T-Mobile USA  Inc.,UNITED STATES,ETSI,INDIVIDUAL MEMBERS
T-Mobile USA Inc.,T-Mobile USA Inc.,UNITED STATES,ATIS,INDIVIDUAL MEMBERS
TNO,TNO,NETHERLANDS,ETSI,INDIVIDUAL MEMBERS
Tomorrow's Creation Labs,Tomorrow's Creation Labs,JAPAN,ARIB,INDIVIDUAL MEMBERS
Tongji University,Tongji University,CHINA,CCSA,INDIVIDUAL MEMBERS
Toshiba,Toshiba,UNITED KINGDOM,ETSI,INDIVIDUAL MEMBERS
TOWE Wireless,Sushi TOWE Wireless Testing (Shenzhen) Co. Ltd.,CHINA,ETSI,INDIVIDUAL MEMBERS
TOYOTA Info Technology Center,TOYOTA Info Technology Center USA  Inc.,UNITED STATES,ETSI,INDIVIDUAL MEMBERS
TOYOTA MOTOR CORPORATION,TOYOTA MOTOR CORPORATION,JAPAN,TTC,INDIVIDUAL MEMBERS
TRAFICOM,The Finnish Transport and Communications Agency,FINLAND,ETSI,INDIVIDUAL MEMBERS
Trafikverket,Trafikverket,SWEDEN,ETSI,INDIVIDUAL MEMBERS
Transsion Holdings,Transsion Holdings,CHINA,CCSA,INDIVIDUAL MEMBERS
TransUnion,TransUnion,UNITED STATES,ATIS,INDIVIDUAL MEMBERS
Trimble,Trimble,UNITED STATES,ATIS,INDIVIDUAL MEMBERS
Tron Future Tech Inc.,Tron Future Tech Inc.,TAIWAN  PROVINCE OF CHINA,ETSI,INDIVIDUAL MEMBERS
TTP plc,TTP plc,UNITED KINGDOM,ETSI,INDIVIDUAL MEMBERS
Turk Telekomunikasyon A.S.,Turk Telekomunikasyon A.S.,TÜRKIYE,ETSI,INDIVIDUAL MEMBERS
TURKCELL,Turkcell Iletisim Hizmetleri A.S.,TÜRKIYE,ETSI,INDIVIDUAL MEMBERS
U.S. Department of Defense,U.S. Department of Defense,UNITED STATES,ATIS,INDIVIDUAL MEMBERS
U.S. Department of Transport.,U.S. Department of Transportation,UNITED STATES,ATIS,INDIVIDUAL MEMBERS
U.S. National Security Agency,US National Security Agency,UNITED STATES,ATIS,INDIVIDUAL MEMBERS
Uangel,Uangel Corporation,KOREA (REPUBLIC OF),TTA,INDIVIDUAL MEMBERS
Ubiik,Ubiik SAS,FRANCE,ETSI,INDIVIDUAL MEMBERS
ubinexus,Beijing Ubinexus Technology Development Co.  Ltd,CHINA,CCSA,INDIVIDUAL MEMBERS
u-blox AG,u-blox AG,SWITZERLAND,ETSI,INDIVIDUAL MEMBERS
UESTC,University of Electronic Science and Technology of China,CHINA,CCSA,INDIVIDUAL MEMBERS
UL VS Ltd,UL VS Ltd,UNITED KINGDOM,ETSI,INDIVIDUAL MEMBERS
UMA,Universidad de Malaga,SPAIN,ETSI,INDIVIDUAL MEMBERS
umlaut,umlaut communications GmbH,GERMANY,ETSI,INDIVIDUAL MEMBERS
UNIBO,ALMA MATER STUDIORUM Università di Bologna,ITALY,ETSI,INDIVIDUAL MEMBERS
UniBw M,University of the Bundeswehr Munich,GERMANY,ETSI,INDIVIDUAL MEMBERS
Unicom Broadband Online,Unicom Broadband Online Co.  Ltd.,CHINA,CCSA,INDIVIDUAL MEMBERS
Unicompay,Unicompay Co.  Ltd.,CHINA,CCSA,INDIVIDUAL MEMBERS
Union Inter. Chemins de Fer,Union Internationale des Chemins de Fer,FRANCE,ETSI,INDIVIDUAL MEMBERS
Union Telephone Company,Union Telephone Company,UNITED STATES,ATIS,INDIVIDUAL MEMBERS
Unisoc,Unisoc (Shanghai) Technologies Co.  Ltd.,CHINA,CCSA,INDIVIDUAL MEMBERS
Unisoc Beijing,Beijing Unisoc Communications Technology Co.  Ltd.,CHINA,CCSA,INDIVIDUAL MEMBERS
UPV/EHU,Universidad del País Vasco/Euskal Herriko Unibertsitatea,SPAIN,ETSI,INDIVIDUAL MEMBERS
US Cellular Corporation.,US Cellular Corporation/TDS.,UNITED STATES,ATIS,INDIVIDUAL MEMBERS
US DHS Science & Technology,US DHS Science & Technology,UNITED STATES,ATIS,INDIVIDUAL MEMBERS
UTIMACO TS GmbH,UTIMACO TS GmbH,GERMANY,ETSI,INDIVIDUAL MEMBERS
UTokyo,The University of Tokyo,JAPAN,ETSI,INDIVIDUAL MEMBERS
Vaan Megam,Vaan Megam Networks,INDIA,TSDSI,INDIVIDUAL MEMBERS
Valeo,Valeo Telematik und Akustik GmbH,GERMANY,ETSI,INDIVIDUAL MEMBERS
VALID SOLUCIONES TECNOLÓGICAS,VALID SOLUCIONES TECNOLÓGICAS S.A.U,SPAIN,ETSI,INDIVIDUAL MEMBERS
Valid8,Valid8.com  Inc.,UNITED STATES,ETSI,INDIVIDUAL MEMBERS
Vanchip,Vanchip (Tianjin) Technology Co.  Ltd.,CHINA,CCSA,INDIVIDUAL MEMBERS
Verizon Denmark,Verizon Denmark A/S,DENMARK,ETSI,INDIVIDUAL MEMBERS
Verizon Finland,Verizon Finland Oy,FINLAND,ETSI,INDIVIDUAL MEMBERS
Verizon France,Verizon France SAS,FRANCE,ETSI,INDIVIDUAL MEMBERS
Verizon Netherlands,Verizon Nederland B.V,NETHERLANDS,ETSI,INDIVIDUAL MEMBERS
Verizon Spain,Verizon Spain S.L.,SPAIN,ETSI,INDIVIDUAL MEMBERS
Verizon Sweden,Verizon Sweden Aktiebolag  2116,SWEDEN,ETSI,INDIVIDUAL MEMBERS
Verizon Switzerland AG,Verizon Switzerland AG,SWITZERLAND,ETSI,INDIVIDUAL MEMBERS
Verizon UK Ltd,Verizon UK Ltd,UNITED KINGDOM,ETSI,INDIVIDUAL MEMBERS
Vestel,Vestel Elektronik Sanayi ve Ticaret A.S,TÜRKIYE,ETSI,INDIVIDUAL MEMBERS
ViaSat Satellite Holdings Ltd,ViaSat Satellite Holdings Ltd,UNITED KINGDOM,ETSI,INDIVIDUAL MEMBERS
VIAVI Solutions,Viavi Solutions UK Ltd.,UNITED KINGDOM,ETSI,INDIVIDUAL MEMBERS
vivo Mobile Com. (Chongqing),vivo Mobile Communication (Chongqing) Co.  Ltd,CHINA,CCSA,INDIVIDUAL MEMBERS
vivo Mobile Communication (H),vivo Mobile Communication (Hangzhou) Co.  Ltd.,CHINA,CCSA,INDIVIDUAL MEMBERS
vivo Mobile Communication (S),vivo Mobile Communication (Shenzhen) Co.  Ltd.,CHINA,CCSA,INDIVIDUAL MEMBERS
vivo Mobile Communication Co. ,vivo Mobile Communication Co.  Ltd,CHINA,CCSA,INDIVIDUAL MEMBERS
vivo Software Technology,vivo Software Technology (Xi'an) Co.  Ltd.,CHINA,CCSA,INDIVIDUAL MEMBERS
VIVO TECH GmbH,VIVO TECH GmbH,GERMANY,ETSI,INDIVIDUAL MEMBERS
vivo Wisdom Technology,vivo Wisdom Technology Co.  Ltd.,CHINA,CCSA,INDIVIDUAL MEMBERS
Vodafone GmbH,Vodafone GmbH,GERMANY,ETSI,INDIVIDUAL MEMBERS
VODAFONE Group Plc,Vodafone Group Plc,UNITED KINGDOM,ETSI,INDIVIDUAL MEMBERS
Vodafone Ireland Plc,Vodafone Ireland Plc,IRELAND,ETSI,INDIVIDUAL MEMBERS
Vodafone Italia SpA,Vodafone Italia SpA,ITALY,ETSI,INDIVIDUAL MEMBERS
Vodafone Romania S.A.,Vodafone Romania S.A.,ROMANIA,ETSI,INDIVIDUAL MEMBERS
Vodafone Telekomünikasyon A.S.,Vodafone Telekomünikasyon A.S.,TÜRKIYE,ETSI,INDIVIDUAL MEMBERS
VoiceAge Corporation,VoiceAge Corporation,CANADA,ETSI,INDIVIDUAL MEMBERS
Volkswagen AG,Volkswagen AG,GERMANY,ETSI,INDIVIDUAL MEMBERS
VSENS,Unicom Vsens Telecommunications Co.  Ltd,CHINA,CCSA,INDIVIDUAL MEMBERS
VTT,VTT Technical Research Centre of Finland,FINLAND,ETSI,INDIVIDUAL MEMBERS
WE Certification Oy,WE Certification Oy,FINLAND,ETSI,INDIVIDUAL MEMBERS
Wiliot Ltd.,Wiliot Ltd.,ISRAEL,ETSI,INDIVIDUAL MEMBERS
WILUS Inc.,WILUS Inc.,KOREA (REPUBLIC OF),TTA,INDIVIDUAL MEMBERS
Wipro,Wipro Limited,INDIA,TSDSI,INDIVIDUAL MEMBERS
Wipro GE,Wipro GE Healthcare Private Limited,INDIA,TSDSI,INDIVIDUAL MEMBERS
Wisig Networks Pvt Ltd,Wisig Networks Pvt Ltd,INDIA,TSDSI,INDIVIDUAL MEMBERS
Wuhan Hongxin Technology,Wuhan Hongxin Technology Development Co.  Ltd.,CHINA,CCSA,INDIVIDUAL MEMBERS
XGN,XGen Network LLC,UNITED STATES,ETSI,INDIVIDUAL MEMBERS
Xiamen Sanan Integr. Circuit,Xiamen Sanan Integrated Circuit Co.  Ltd.,CHINA,CCSA,INDIVIDUAL MEMBERS
Xiaomi Communications,Xiaomi Communications,CHINA,CCSA,INDIVIDUAL MEMBERS
Xiaomi Digital Technology,Beijing Xiaomi Digital Technology Co.  Ltd.,CHINA,CCSA,INDIVIDUAL MEMBERS
Xiaomi Electronic Software,Beijing Xiaomi Electronic Software Co.  Ltd.,CHINA,CCSA,INDIVIDUAL MEMBERS
Xiaomi EV Technology,Xiaomi EV Technology Co.  Ltd.,CHINA,CCSA,INDIVIDUAL MEMBERS
Xiaomi Technology,Xiaomi Technology,CHINA,CCSA,INDIVIDUAL MEMBERS
Xiaomi Technology (Polska) sp.,XIAOMI TECHNOLOGY (POLSKA) SPOLKA Z OGRANICZONA ODPOWIEDZIALNOSCIA,POLAND,ETSI,INDIVIDUAL MEMBERS
Xiaomi Technology France,Xiaomi Technology France,FRANCE,ETSI,INDIVIDUAL MEMBERS
Xiaomi Technology Germany GmbH,Xiaomi Technology Germany GmbH,GERMANY,ETSI,INDIVIDUAL MEMBERS
Xiaomi Technology Italy srl,Xiaomi Technology Italy srl,ITALY,ETSI,INDIVIDUAL MEMBERS
Xiaomi Technology Netherlands,Xiaomi Technology Netherlands B.V.,NETHERLANDS,ETSI,INDIVIDUAL MEMBERS
Xiaomi Technology Spain S.L,Xiaomi Technology Spain S.L,SPAIN,ETSI,INDIVIDUAL MEMBERS
Xiaomi Technology UK Limited,Xiaomi Technology UK Limited,UNITED KINGDOM,ETSI,INDIVIDUAL MEMBERS
Xidian University,Xidian University,CHINA,CCSA,INDIVIDUAL MEMBERS
Xilinx Ireland,Xilinx Ireland,IRELAND,ETSI,INDIVIDUAL MEMBERS
XNET,ZGC Institute of Ubiquitous-X Innovation and Applications,CHINA,ETSI,INDIVIDUAL MEMBERS
X-Net,ZGC Institute of Ubiquitous-X Innovation and Applications,CHINA,CCSA,INDIVIDUAL MEMBERS
Yonsei University,Yonsei University,KOREA (REPUBLIC OF),TTA,INDIVIDUAL MEMBERS
Zhejiang University,Zhejiang University,CHINA,CCSA,INDIVIDUAL MEMBERS
ZITiS,Central Office for Information Technology in the Security Sector,GERMANY,ETSI,INDIVIDUAL MEMBERS
Zollkriminalamt (ZKA),Zollkriminalamt (ZKA),GERMANY,ETSI,INDIVIDUAL MEMBERS
ZONSON,ZONSON SAMRT AUTO CORPORATION,CHINA,CCSA,INDIVIDUAL MEMBERS
ZTE,ZTE Telecom India Pvt Ltd,INDIA,TSDSI,INDIVIDUAL MEMBERS
ZTE  Corporation,ZTE Corporation,CHINA,CCSA,INDIVIDUAL MEMBERS
ZTE Corporation,ZTE Corporation,CHINA,ETSI,INDIVIDUAL MEMBERS
ZTE Deutschland,ZTE Deutschland GmbH,GERMANY,ETSI,INDIVIDUAL MEMBERS
ZTE FRANCE SASU,ZTE FRANCE SASU,FRANCE,ETSI,INDIVIDUAL MEMBERS
ZTE Italia,ZTE Italia S.R.L,ITALY,ETSI,INDIVIDUAL MEMBERS
ZTE JAPAN K.K.,ZTE JAPAN K.K..,JAPAN,TTC,INDIVIDUAL MEMBERS
ZTE Japan K.K.,ZTE Japan K.K.,JAPAN,ARIB,INDIVIDUAL MEMBERS
ZTE Korea Limited,ZTE Korea Limited,KOREA (REPUBLIC OF),TTA,INDIVIDUAL MEMBERS
ZTE Photonics,ZTE Photonics Technology Co. Ltd.,CHINA,CCSA,INDIVIDUAL MEMBERS
ZXNE,ZXNE CORPORATION,CHINA,CCSA,INDIVIDUAL MEMBERS
4G Americas,4G Americas,UNITED STATES,OTHER,MARKET REPRESENTATIVES
5G Americas,5G Americas,UNITED STATES,OTHER,MARKET REPRESENTATIVES
5G MAG,5G Media Action Group,SWITZERLAND,OTHER,MARKET REPRESENTATIVES
5GAA,5G Automotive Association,GERMANY,OTHER,MARKET REPRESENTATIVES
5G-ACIA,5G-ACIA,GERMANY,OTHER,MARKET REPRESENTATIVES
5GDNA,5G Deterministic Networking Alliance,CHINA,OTHER,MARKET REPRESENTATIVES
5GSA,5G Slicing Association,CHINA,OTHER,MARKET REPRESENTATIVES
6G-IA,6G Smart Networks and Services Industry Association,BELGIUM,ETSI,MARKET REPRESENTATIVES
AECC,Automotive Edge Computing Consortium,UNITED STATES,OTHER,MARKET REPRESENTATIVES
BIF,Broadband India Forum,INDIA,TSDSI,MARKET REPRESENTATIVES
COAI,Cellular Operators Association of India (COAI),INDIA,OTHER,MARKET REPRESENTATIVES
CSAE,China Society of Automotive Engineers,CHINA,OTHER,MARKET REPRESENTATIVES
CTIA,CTIA,UNITED STATES,OTHER,MARKET REPRESENTATIVES
GCF,Global Certification Forum,UNITED KINGDOM,OTHER,MARKET REPRESENTATIVES
GSA,Globile Mobile Suppliers Association,UNITED KINGDOM,OTHER,MARKET REPRESENTATIVES
GSM Association,GSM MoU Association,UNITED KINGDOM,OTHER,MARKET REPRESENTATIVES
GSOA,GSOA,BELGIUM,OTHER,MARKET REPRESENTATIVES
IPV6 Forum,IPV6 Forum,UNITED KINGDOM,OTHER,MARKET REPRESENTATIVES
MFA,MulteFire Alliance,UNITED STATES,OTHER,MARKET REPRESENTATIVES
NGMN Alliance e.V.,NGMN Alliance e.V.,GERMANY,OTHER,MARKET REPRESENTATIVES
PSCE,Public Safety Communication Europe Forum,BELGIUM,OTHER,MARKET REPRESENTATIVES
SAA,Seamless Air Alliance,UNITED STATES,OTHER,MARKET REPRESENTATIVES
SIA-India,SatCom Industry Association India,INDIA,OTHER,MARKET REPRESENTATIVES
Small Cell Forum,Small Cell Forum,UNITED KINGDOM,OTHER,MARKET REPRESENTATIVES
TCCA,The Critical Communication Association,UNITED KINGDOM,OTHER,MARKET REPRESENTATIVES
TDIA,Telecommunication Development Industry Alliance,CHINA,OTHER,MARKET REPRESENTATIVES
WBA,Wireless Broadband Alliance Ltd.,SINGAPORE,OTHER,MARKET REPRESENTATIVES
COMMUNICATIONS ALLIANCE LTD,COMMUNICATIONS ALLIANCE LTD,AUSTRALIA,OTHER,OBSERVERS
TIA,TIA,UNITED STATES,OTHER,OBSERVERS
AKMON SA,AKMON SA,GREECE,ETSI,GUESTS
BC Hydro,BC Hydro,CANADA,ETSI,GUESTS
beeNEO,beeNEO,TÜRKIYE,ETSI,GUESTS
iSignal Research Labs Pvt Ltd,iSignal Research Labs Pvt Ltd,INDIA,ETSI,GUESTS
KEEP ELECTRONIC SIMPLE Ltda,KES - KEEP ELECTRONIC SIMPLE LTDA,BRAZIL,ETSI,GUESTS
Millibeam,Millibeam,AUSTRALIA,ETSI,GUESTS
Mitresense Ltd,Mitresense Ltd,UNITED KINGDOM,ETSI,GUESTS
MTC,Ministerio de Transportes y Comunicaciones,PERU,ETSI,GUESTS
NIT DELHI,NATIONAL INSTITUTE OF TECHNOLOGY DELHI,INDIA,ATIS,GUESTS
NTI,National Telecommunications Institute,EGYPT,ETSI,GUESTS
OptimusLogic Systems India,OptimusLogic Systems India Private Limited,INDIA,TSDSI,GUESTS
QNu Labs,QNu Labs,INDIA,TSDSI,GUESTS
RPTU,Rheinland-Pfälzische Technische Universität Kaiserslautern-Landau,GERMANY,ETSI,GUESTS
Sunway Communication Inc.,Sunway Communication Inc.,UNITED STATES,ETSI,GUESTS
Techtown LLC,Techtown LLC,TÜRKIYE,ETSI,GUESTS
TOMIA,TOMIA,ISRAEL,ETSI,GUESTS
Trend Micro,Trend Micro,IRELAND,ETSI,GUESTS
Zhuhai Bojay Electronics,ZHUHAI BOJAY ELECTRONICS COMPANY LIMITED,CHINA,ETSI,GUESTS